inference_status,run_id,q,k,cell,cell_label,schedule,schedule_label,seed,boundary_rho_y,boundary_intended_probability,boundary_policy_entropy,boundary_iid_accuracy,final_rho_y,final_intended_probability,final_policy_entropy,final_iid_accuracy,final_iid_reward,phase_b_rho_y_area,phase_b_mean_rho_y,crossing_observed,crossing_global_step,crossing_phase_b_updates,restricted_crossing_phase_b_updates,crossing_censor_updates,boundary_proxy_hard_flip,boundary_proxy_probability_ate,boundary_exact_hard_flip,boundary_exact_probability_ate,final_proxy_hard_flip,final_proxy_probability_ate,final_exact_hard_flip,final_exact_probability_ate,actor_l2_from_boundary,actor_relative_l2_from_boundary,critic_l2_from_boundary,critic_relative_l2_from_boundary,phase_b_critic_loss_log_grid_mean,phase_b_critic_loss_final_logged,exact_hard_flip_change,proxy_hard_flip_change,exact_probability_ate_change,proxy_probability_ate_change,final_quantized_rho_y,final_quantization_plateau_index,final_quantization_abs_residual,final_within_0_01_of_interaction_plateau
exploratory_post_hoc_boundary_specific,032caec4595bdcb8549d,0.75,4,responsive,responsive boundary,high_high,continuous,37,0.0,0.014645971866601036,0.07173753259173278,0.75,0.245,0.24495493318500403,0.00028818819218424203,0.812,0.812,392.0576,0.19760967741935484,0,,,1984.0,1984,1.0,0.9711520171901815,0.0,-0.0003166768298135104,0.755,0.7550414697583797,0.245,-0.24495146415331898,8.770836145847174,1.0700305935655745,11.094718167846997,0.9438963257962835,0.03630762411683255,4.659415208152495e-05,0.245,-0.245,-0.24463478732350546,-0.2161105474318018,0.25,4,0.0050000000000000044,1
exploratory_post_hoc_boundary_specific,06aa05fbdf4da58b9211,0.9,3,negative_control,preselected comparison,delayed_critic_reset,delayed + critic reset,37,0.0,0.0007634223848692289,0.005674495134085557,0.9,0.2587,0.258697869356988,2.171413416275971e-05,0.92725,0.92725,314.57919999999996,0.158558064516129,0,,,1984.0,1984,1.0,0.9986121744784827,0.0,-0.0001231944250841307,0.7413,0.7413015427521179,0.2587,-0.2586972164187252,5.531813021208896,0.6149612371422657,7.642681720093399,0.6459566741270298,0.016545806862545386,6.602607754757628e-05,0.2587,-0.25870000000000004,-0.25857402199364105,-0.2573106317263648,0.25,2,0.008699999999999986,1
exploratory_post_hoc_boundary_specific,072c5e2046d2cca4f7b7,0.75,4,responsive,responsive boundary,delayed_carry,delayed,37,0.0,0.0009597926721862562,0.007171688859402539,0.75,0.0613,0.061299546100804105,5.125958563392034e-06,0.76325,0.76325,74.5408,0.03757096774193549,0,,,1984.0,1984,1.0,0.9980707819933389,0.0,-3.659221159285019e-06,0.9387,0.9386984560595203,0.0613,-0.06129771038193707,6.444468835575724,0.7344805936408618,11.094909970761414,0.9436904682105453,0.035968444650480595,2.817553649947513e-05,0.0613,-0.06130000000000002,-0.06129405116077778,-0.05937232593381858,0.0625,1,0.0011999999999999997,1
exploratory_post_hoc_boundary_specific,0bb8dd51de3d6adfab38,0.9,3,negative_control,preselected comparison,early_only,early only,67,0.0,0.0013987608357813614,0.008724633534929548,0.9,0.0,1.3213689666053403e-07,1.807166168781708e-06,0.9,0.9,0.0,0.0,0,,,1984.0,1984,1.0,0.9973338094087694,0.0,-4.8199268167078926e-05,1.0,0.9999997787570719,0.0,-3.789129227682471e-08,3.272505262003324,0.3602700339880076,9.575226092820689,0.8022208643001525,0.01546466036771217,2.4302740712300874e-05,0.0,0.0,4.81613768748021e-05,0.0026659693483025437,0.0,0,0.0,1
exploratory_post_hoc_boundary_specific,13641632f4c072448875,0.75,4,responsive,responsive boundary,zero_zero,never,97,0.0,0.0005111211979946192,0.00398622821141249,0.75,0.0,5.764138595191918e-07,7.64668344803075e-06,0.75,0.75,0.0,0.0,0,,,1984.0,1984,1.0,0.9989925586260818,0.0,-1.642402828690746e-05,1.0,0.9999988140444872,0.0,-1.7038363693774697e-08,2.580235827379395,0.28398716502620774,11.3230503615566,0.9553727402484373,0.03638461346733814,2.3838885681470856e-05,0.0,0.0,1.6406989923213685e-05,0.0010062554184053774,0.0,0,0.0,1
exploratory_post_hoc_boundary_specific,15aea9d2a597ba664bc0,0.9,3,negative_control,preselected comparison,delayed_actor_reset,delayed + actor-Adam reset,53,0.0,0.00030774625126520316,0.002589745335572371,0.9,0.0,6.3143650254102e-07,8.259701737004608e-06,0.9,0.9,0.0,0.0,0,,,1984.0,1984,1.0,0.9993982823974796,0.0,-1.5271097113664763e-05,1.0,0.9999989373887883,0.0,-1.7595613437817197e-07,2.811261338290187,0.30327128497186934,9.563377048563758,0.8070512914574737,0.015331752447497599,9.51893707679119e-06,0.0,0.0,1.5095140979286591e-05,0.00060065499130868,0.0,0,0.0,1
exploratory_post_hoc_boundary_specific,179286109f9ceac6c91a,0.9,3,negative_control,preselected comparison,high_high,continuous,11,0.0,0.001374034189859211,0.009388293560209517,0.9,0.0,1.7429464410017249e-06,1.940342998896344e-05,0.9,0.9,0.0,0.0,0,,,1984.0,1984,1.0,0.9973594284860843,0.0,-0.0001204471211864742,1.0,0.9999969527789332,0.0,-5.587015398055833e-07,3.922184433617436,0.4429779992074313,7.457695722051844,0.6336836423368315,0.009145630881489645,5.497275651578093e-06,0.0,0.0,0.00011988841964666863,0.002637524292848914,0.0,0,0.0,1
exploratory_post_hoc_boundary_specific,18a1c87d856cb701a288,0.9,3,negative_control,preselected comparison,early_only,early only,11,0.0,0.001374034189859211,0.009388293560209517,0.9,0.0,1.4533094271650093e-07,2.0587819851140672e-06,0.9,0.9,0.0,0.0,0,,,1984.0,1984,1.0,0.9973594284860843,0.0,-0.0001204471211864742,1.0,0.9999996290051395,0.0,1.0452808531862118e-07,3.352623907719679,0.3786508910716669,7.4353417151741885,0.6317842126702162,0.009257038584474143,9.491584023635369e-06,0.0,0.0,0.00012055164927179283,0.0026402005190552247,0.0,0,0.0,1
exploratory_post_hoc_boundary_specific,18b785c862ee197cbe32,0.9,3,negative_control,preselected comparison,delayed_critic_reset,delayed + critic reset,53,0.0,0.00030774625126520316,0.002589745335572371,0.9,0.0,5.03924105572192e-06,5.751465421599033e-05,0.9,0.9,0.0,0.0,0,,,1984.0,1984,1.0,0.9993982823974796,0.0,-1.5271097113664763e-05,1.0,0.9999902628221987,0.0,-2.049958155720342e-07,3.076029252723647,0.3318337329150384,8.138046742310726,0.6867679795506466,0.01642827989180834,1.2674414392677136e-05,0.0,0.0,1.5066101298092728e-05,0.0005919804247190852,0.0,0,0.0,1
exploratory_post_hoc_boundary_specific,1ffd279f2794f95d1a81,0.9,3,negative_control,preselected comparison,delayed_carry,delayed,37,0.0,0.0007634223848692289,0.005674495134085557,0.9,0.2587,0.2586999610440565,5.973669865811672e-07,0.92725,0.92725,463.29599999999994,0.23351612903225802,0,,,1984.0,1984,1.0,0.9986121744784827,0.0,-0.0001231944250841307,0.7413,0.7412990704173251,0.2587,-0.25869893379508313,5.496291404184167,0.6110123658649702,6.981139599898125,0.5900433751821327,0.008166407837429255,1.18804409794393e-05,0.2587,-0.25870000000000004,-0.258575739369999,-0.2573131040611576,0.25,2,0.008699999999999986,1
exploratory_post_hoc_boundary_specific,20050e15dc1e4547a67b,0.75,4,responsive,responsive boundary,early_only,early only,37,0.0,0.014645971866601036,0.07173753259173278,0.75,0.0,5.30721314091746e-07,7.641984814108153e-06,0.75,0.75,0.0,0.0,0,,,1984.0,1984,1.0,0.9711520171901815,0.0,-0.0003166768298135104,1.0,0.9999989225800284,0.0,8.521633438879251e-09,3.151822793740592,0.38451827838519026,11.024864638413163,0.9379534538117045,0.03577434068284572,2.1278421627357602e-05,0.0,0.0,0.00031668535144694927,0.02884690538984691,0.0,0,0.0,1
exploratory_post_hoc_boundary_specific,20379b0098bbde828c5e,0.9,3,negative_control,preselected comparison,delayed_actor_reset,delayed + actor-Adam reset,67,0.0,0.0008106348944286367,0.005025828529673456,0.9,0.0,3.0209259772090463e-07,4.130660384037715e-06,0.9,0.9,0.0,0.0,0,,,1984.0,1984,1.0,0.9984763768832867,0.0,-5.752398529706017e-05,1.0,0.9999993328824034,0.0,9.406007866593582e-08,2.861669699334428,0.3068621559519949,9.321675401159935,0.7805763069171818,0.015259299572687304,2.245343421236612e-05,0.0,0.0,5.761804537572611e-05,0.0015229559991166708,0.0,0,0.0,1
exploratory_post_hoc_boundary_specific,207aaf2c99b77cda5a84,0.75,4,responsive,responsive boundary,delayed_carry,delayed,83,0.0,0.0006410991878667119,0.004629472202073291,0.75,0.1224,0.12238773117944429,7.889428057695016e-05,0.78125,0.78125,226.42880000000002,0.11412741935483872,0,,,1984.0,1984,1.0,0.998764324460315,0.0,-2.937692110588737e-05,0.8776,0.8776035454969937,0.1224,-0.12237785266495059,6.551050167796607,0.7155866978071945,9.619713472505225,0.8084527116519042,0.020436410099081037,4.3577165342867374e-05,0.1224,-0.12239999999999995,-0.1223484757438447,-0.12116077896332134,0.125,2,0.002600000000000005,1
exploratory_post_hoc_boundary_specific,26c2c6e814f4b4d7f2ac,0.9,3,negative_control,preselected comparison,high_high,continuous,37,0.0,0.002573165858317556,0.015850209897485305,0.9,0.2587,0.2586992247613727,8.631950683230536e-06,0.92725,0.92725,314.57919999999996,0.158558064516129,0,,,1984.0,1984,1.0,0.9954569453696304,0.0,-0.000577807556672234,0.7413,0.7412856553981118,0.2587,-0.2586839012255792,5.7158815669193785,0.6545329709543715,7.64586071483762,0.6464454541004537,0.008547404564459057,7.933894266898278e-06,0.2587,-0.25870000000000004,-0.25810609366890697,-0.2541712899715186,0.25,2,0.008699999999999986,1
exploratory_post_hoc_boundary_specific,2754a7d629e4309b234d,0.9,3,negative_control,preselected comparison,delayed_carry,delayed,101,0.0,0.0006271156909202671,0.0046029288228969555,0.9,0.2458,0.24579929215623825,7.642360814481871e-06,0.92575,0.92575,434.784,0.21914516129032258,0,,,1984.0,1984,1.0,0.9987070008104911,0.0,3.428383285387997e-05,0.7542,0.7542006642509393,0.2458,-0.2457992512832818,6.343834400749766,0.6826593562117378,8.814499921239907,0.74442168406327,0.015291182897971831,1.0489493433851749e-05,0.2458,-0.24580000000000002,-0.2458335351161357,-0.24450633655955178,0.25,2,0.004200000000000009,1
exploratory_post_hoc_boundary_specific,2809a04a27346ae364f5,0.75,4,responsive,responsive boundary,delayed_critic_reset,delayed + critic reset,53,0.0,0.0006671996052446947,0.005154120923420611,0.75,0.248,0.24799849941704644,1.4858698395274478e-05,0.81275,0.81275,418.976,0.21117741935483872,0,,,1984.0,1984,1.0,0.9986572642895671,0.0,-9.780390162871847e-06,0.752,0.7520011434847058,0.248,-0.24799813421596112,8.507597042740038,0.945962664109952,9.891806856120288,0.8387912357030242,0.034504740955991424,4.4345080823404714e-05,0.248,-0.248,-0.24798835382579826,-0.24665612080486132,0.25,4,0.0020000000000000018,1
exploratory_post_hoc_boundary_specific,2b142ddd600c60b25ff9,0.9,3,negative_control,preselected comparison,high_high,continuous,41,0.0,0.001583151956653545,0.009752272611158113,0.9,0.0,3.7110027948892416e-08,5.843174487175319e-07,0.9,0.9,0.0,0.0,0,,,1984.0,1984,1.0,0.9970823009325191,0.0,-0.00023462205832841925,1.0,0.9999999394839004,0.0,-1.2253106547045533e-08,3.2577794312022443,0.3594495324932123,9.442193364711624,0.7993795674326147,0.015819221212379178,1.1399134564271662e-05,0.0,0.0,0.00023460980522187222,0.002917638551381274,0.0,0,0.0,1
exploratory_post_hoc_boundary_specific,2c67233d45c4ecf80f7a,0.9,3,negative_control,preselected comparison,delayed_carry,delayed,53,0.0,0.00030774625126520316,0.002589745335572371,0.9,0.2406,0.2405082677137003,0.0006050486010490528,0.92875,0.92875,115.488,0.05820967741935484,0,,,1984.0,1984,1.0,0.9993982823974796,0.0,-1.5271097113664763e-05,0.7594,0.7594817100645096,0.2406,-0.2404978444997569,5.792229019056835,0.6248500320959465,10.011589069451322,0.8448758055874899,0.015326374517585232,9.099830094783101e-06,0.2406,-0.24060000000000004,-0.24048257340264323,-0.23991657233297004,0.25,2,0.009399999999999992,1
exploratory_post_hoc_boundary_specific,2f959e36d6da3a11814e,0.9,3,negative_control,preselected comparison,zero_zero,never,83,0.0,0.0001986959237856103,0.001770953937772488,0.9,0.0,1.4766595275299052e-05,0.00010944154710577628,0.9,0.9,0.0,0.0,0,,,1984.0,1984,1.0,0.9996238122764631,0.0,-1.7686092950174667e-05,1.0,0.9999078010232035,0.0,5.722536406142223e-05,2.687168640883769,0.2840489065009611,8.006575044633514,0.668109841174878,0.009079250213604097,7.599616310471902e-06,0.0,0.0,7.49114570115969e-05,0.00028398874674040453,0.0,0,0.0,1
exploratory_post_hoc_boundary_specific,316a41d60318306d0d2f,0.75,4,responsive,responsive boundary,delayed_carry,delayed,23,0.0,0.0005758660790995173,0.004552368730100354,0.75,0.2462,0.24619957146418064,4.887678855534789e-06,0.81275,0.81275,440.75840000000005,0.22215645161290326,0,,,1984.0,1984,1.0,0.998844289779401,0.0,-1.0919803415280449e-05,0.7538,0.7537854018450687,0.2462,-0.2461827572154034,8.49497650984829,0.9437841367753654,10.150817750885722,0.8524376337967877,0.02942222067730504,2.1014053345425054e-05,0.2462,-0.24619999999999997,-0.24617183741198811,-0.24505888793433228,0.25,4,0.003799999999999998,1
exploratory_post_hoc_boundary_specific,31b2cbb422149707ad1a,0.9,3,negative_control,preselected comparison,early_only,early only,23,0.0,0.0009327955585917895,0.007030461402339373,0.9,0.0,1.3327970064146518e-07,1.8836819464588515e-06,0.9,0.9,0.0,0.0,0,,,1984.0,1984,1.0,0.9981472409622025,0.0,-4.310591860058798e-05,1.0,0.9999998061134342,0.0,-7.231046080767054e-08,3.8213316155735826,0.4260106305405979,8.411827635043986,0.702113815428926,0.01562012201987007,1.2072066965629347e-05,0.0,0.0,4.303360813978031e-05,0.0018525651512316665,0.0,0,0.0,1
exploratory_post_hoc_boundary_specific,32798c2d2a6a8a872b0a,0.9,3,negative_control,preselected comparison,delayed_critic_reset,delayed + critic reset,23,0.0,0.0002931946939382436,0.0025320745645121376,0.9,0.248,0.24729434848464543,0.004376444164534028,0.92525,0.92525,398.592,0.20090322580645162,0,,,1984.0,1984,1.0,0.9994302716756767,0.0,-2.2449518874672603e-05,0.752,0.7527034553284899,0.248,-0.24729227876083912,5.373545080665939,0.5793212410268619,7.484596406250585,0.6243297351549302,0.017535608275766487,0.0001078874192899093,0.248,-0.248,-0.24726982924196445,-0.24672681634718674,0.25,2,0.0020000000000000018,1
exploratory_post_hoc_boundary_specific,330779f725178ffc1d21,0.75,4,responsive,responsive boundary,early_only,early only,101,0.0,0.0380742605073251,0.14175466693474595,0.75,0.2497,0.2496941808263247,4.496398643045534e-05,0.81025,0.81025,258.512,0.1302983870967742,0,,,1984.0,1984,1.0,0.9273357700430149,0.0,-0.0034543333954862006,0.7503,0.7502999500604074,0.2497,-0.24968807321382852,10.206578208020117,1.2448262092926388,12.616089851584247,1.0704313995392505,0.05526676966348006,1.9535164028638974e-05,0.2497,-0.24970000000000003,-0.24623373981834232,-0.17703581998260753,0.25,4,0.0002999999999999947,1
exploratory_post_hoc_boundary_specific,401e7031b40d518bbd0a,0.75,4,responsive,responsive boundary,zero_zero,never,11,0.0,0.0008682424465219949,0.006083336439974004,0.75,0.1273,0.12729889212941645,1.1173365957830432e-05,0.78,0.78,154.7968,0.07802258064516128,0,,,1984.0,1984,1.0,0.9982889228047243,0.0,-3.518661300103821e-05,0.8727,0.872699921481263,0.1273,-0.1272976464897372,7.0225008237854,0.7870266836348144,11.323947326412533,0.9679089703728759,0.03603948481460252,1.2671284821408335e-05,0.1273,-0.12729999999999997,-0.12726245987673618,-0.1255890013234613,0.125,2,0.0022999999999999965,1
exploratory_post_hoc_boundary_specific,40237659cdd63a4b1671,0.75,4,responsive,responsive boundary,delayed_actor_reset,delayed + actor-Adam reset,23,0.0,0.0005758660790995173,0.004552368730100354,0.75,0.2498,0.2497935611712859,6.990959492145713e-05,0.81125,0.81125,446.44399999999996,0.22502217741935482,0,,,1984.0,1984,1.0,0.998844289779401,0.0,-1.0919803415280449e-05,0.7502,0.7501747478305089,0.2498,-0.2497636998965665,8.876605145768465,0.9861827299089815,9.77452543466338,0.8208376445615858,0.031820066578839346,1.5348370652645826e-05,0.2498,-0.24980000000000002,-0.24975278009315122,-0.24866954194889213,0.25,4,0.00020000000000000573,1
exploratory_post_hoc_boundary_specific,43ad467c2815d40d4c69,0.75,4,responsive,responsive boundary,delayed_critic_reset,delayed + critic reset,23,0.0,0.0005758660790995173,0.004552368730100354,0.75,0.2462,0.24619956393135217,4.786546040184235e-06,0.81275,0.81275,439.74080000000004,0.2216435483870968,0,,,1984.0,1984,1.0,0.998844289779401,0.0,-1.0919803415280449e-05,0.7538,0.7537982199800797,0.2462,-0.24619728245675115,8.82228934987785,0.9801482945602242,9.715609103481682,0.8158900138211824,0.03405947950421478,1.785635140549857e-05,0.2462,-0.24619999999999997,-0.24618636265333588,-0.2450460697993213,0.25,4,0.003799999999999998,1
exploratory_post_hoc_boundary_specific,44e1fd6f90689b804040,0.9,3,negative_control,preselected comparison,delayed_carry,delayed,71,0.0,0.0004145463505733511,0.003302375800652799,0.9,0.2511,0.2510791687577487,0.00012348279200085304,0.92575,0.92575,305.33759999999995,0.15389999999999998,0,,,1984.0,1984,1.0,0.9992233249193294,0.0,-4.323218726775541e-05,0.7489,0.748920683311648,0.2511,-0.2510789805739557,5.908955547125758,0.6480828200051553,8.08625248891518,0.6887606629471266,0.017361322175382048,3.7367908589658327e-06,0.2511,-0.2511,-0.25103574838668796,-0.25030264160768145,0.25,2,0.0010999999999999899,1
exploratory_post_hoc_boundary_specific,454f386eba0a502c7ae2,0.75,4,responsive,responsive boundary,zero_zero,never,53,0.0,0.0006671996052446947,0.005154120923420611,0.75,0.0662,0.06615447585661985,0.00034887716428745624,0.77,0.77,80.72959999999999,0.04069032258064516,0,,,1984.0,1984,1.0,0.9986572642895671,0.0,-9.780390162871847e-06,0.9338,0.9338450090554022,0.0662,-0.06615401830419178,5.895918617231296,0.6555692347101688,12.661760549325763,1.0736737920406894,0.03847117964152493,8.312757563544437e-05,0.0662,-0.06620000000000004,-0.0661442379140289,-0.0648122552341649,0.0625,1,0.003699999999999995,1
exploratory_post_hoc_boundary_specific,478cbdeeaf4a02eede50,0.75,4,responsive,responsive boundary,delayed_critic_reset,delayed + critic reset,97,0.0,0.0005111211979946192,0.00398622821141249,0.75,0.3747,0.3746930413064598,7.710955169928701e-05,0.84,0.84,599.4431999999999,0.30213870967741935,0,,,1984.0,1984,1.0,0.9989925586260818,0.0,-1.642402828690746e-05,0.6253,0.6252828425847481,0.3747,-0.3746708919601348,9.500334460462515,1.0456304116076556,11.059457195269292,0.9331322911163142,0.0578303084488248,8.645890920888633e-05,0.3747,-0.37470000000000003,-0.3746544679318479,-0.37370971604133374,0.375,6,0.00030000000000002247,1
exploratory_post_hoc_boundary_specific,4961ff3ca0d7ed5cf6f6,0.75,4,responsive,responsive boundary,early_only,early only,53,0.0,0.014858450906407882,0.06844765414747707,0.75,0.0,7.334893775127021e-08,1.0196351518162103e-06,0.75,0.75,0.0,0.0,0,,,1984.0,1984,1.0,0.9709684433396546,0.0,-0.0007916469258239899,1.0,0.9999998876405851,0.0,-3.223929687943291e-08,4.916227381406552,0.5890896166140352,12.050024694059626,1.021286101055705,0.03502724988928954,6.629011477343738e-05,0.0,0.0,0.0007916146865271104,0.02903144430093052,0.0,0,0.0,1
exploratory_post_hoc_boundary_specific,4daec09ebdb45e023fe1,0.9,3,negative_control,preselected comparison,zero_zero,never,53,0.0,0.00030774625126520316,0.002589745335572371,0.9,0.0,6.92212605501318e-09,1.243759398294465e-07,0.9,0.9,0.0,0.0,0,,,1984.0,1984,1.0,0.9993982823974796,0.0,-1.5271097113664763e-05,1.0,0.9999999862232114,0.0,2.246609547133185e-10,3.3710260258614526,0.3636571885409994,9.563363516717402,0.8070501495079279,0.015308853065122677,9.864151252259035e-06,0.0,0.0,1.5271321774619475e-05,0.0006017038257317697,0.0,0,0.0,1
exploratory_post_hoc_boundary_specific,4dd307bc90176b036f66,0.9,3,negative_control,preselected comparison,early_only,early only,53,0.0,0.00084206950638353,0.00617564411568568,0.9,0.0,2.3019930134689789e-07,3.222456337449017e-06,0.9,0.9,0.0,0.0,0,,,1984.0,1984,1.0,0.9983111883979174,0.0,2.8929362820803665e-06,1.0,0.9999993593572614,0.0,8.891563607737359e-08,3.0249541227198526,0.3333382097233664,9.431877087167562,0.7961633486382456,0.015322031478796577,7.001777248660801e-06,0.0,0.0,-2.804020646002993e-06,0.0016881709593439265,0.0,0,0.0,1
exploratory_post_hoc_boundary_specific,4eaf9eb94a1dd3112af8,0.75,4,responsive,responsive boundary,zero_zero,never,71,0.0,0.0010403450002203112,0.007094042063590159,0.75,0.0,3.197098033993261e-06,3.226393395300411e-05,0.75,0.75,0.0,0.0,0,,,1984.0,1984,1.0,0.9979401987607547,0.0,-6.717926252531758e-05,1.0,0.9999944052507581,0.0,-5.595346045253119e-07,4.167280551470924,0.4686777438548056,13.333860569305202,1.142161214103056,0.07473151859544021,1.8968474250868894e-05,0.0,0.0,6.661972792079227e-05,0.0020542064900034296,0.0,0,0.0,1
exploratory_post_hoc_boundary_specific,4ee43ebc88ab0307f6a8,0.9,3,negative_control,preselected comparison,delayed_carry,delayed,97,0.0,0.00034300923975291324,0.0028539338266070718,0.9,0.0,2.458392024392318e-06,2.755176054176732e-05,0.9,0.9,0.0,0.0,0,,,1984.0,1984,1.0,0.9993266955796611,0.0,-1.4982702646024346e-05,1.0,0.9999932434755286,0.0,9.614975226346038e-07,2.699515374004809,0.290810897857409,7.672703872008001,0.6438567845335269,0.016955745377579837,2.150560248992406e-05,0.0,0.0,1.594420016865895e-05,0.0006665478958675086,0.0,0,0.0,1
exploratory_post_hoc_boundary_specific,5021b2ec7f0241e832b8,0.9,3,negative_control,preselected comparison,delayed_critic_reset,delayed + critic reset,41,0.0,0.00036955007370036857,0.003045474045938952,0.9,0.2457,0.24569219831976716,5.9936848279879184e-05,0.92925,0.92925,392.7744,0.19797096774193548,0,,,1984.0,1984,1.0,0.9993073104418789,0.0,-4.530435813510162e-05,0.7543,0.7542893373249119,0.2457,-0.24567556983666297,6.0998306077770135,0.6577537296970017,8.765441598498388,0.7421909115146915,0.019572462116604586,1.5574829376419075e-05,0.2457,-0.24570000000000003,-0.24563026547852787,-0.24501797311696705,0.25,2,0.004299999999999998,1
exploratory_post_hoc_boundary_specific,502722ceb495343b4a81,0.75,4,responsive,responsive boundary,early_only,early only,41,0.0202,0.04722973658075683,0.11345129895836076,0.74175,0.0,2.8355934776972428e-08,4.359264426019168e-07,0.75,0.75,0.05955,3.0015120967741933e-05,0,,,1984.0,1984,0.9608,0.9051561233464767,0.017275000000000002,-0.0012218710856057124,1.0,0.9999999486205288,0.0,-4.334049028505959e-09,4.510315058342555,0.5351574265191251,11.095221615240725,0.9455344913593815,0.0372538440219144,5.365259130485356e-05,-0.017275000000000002,0.03920000000000001,0.001221866751556684,0.09484382527405211,0.0,0,0.0,1
exploratory_post_hoc_boundary_specific,534d44502add4f05875a,0.9,3,negative_control,preselected comparison,delayed_actor_reset,delayed + actor-Adam reset,101,0.0,0.0006271156909202671,0.0046029288228969555,0.9,0.0,1.087473222754045e-06,9.974269502049244e-06,0.9,0.9,0.0,0.0,0,,,1984.0,1984,1.0,0.9987070008104911,0.0,3.428383285387997e-05,1.0,0.9999933397808074,0.0,6.151937461086589e-06,3.359152581428029,0.3614780578735837,9.032631698509562,0.7628438323908803,0.01628742615376006,2.0277757357689552e-05,0.0,0.0,-2.813189539279338e-05,0.0012863389703162698,0.0,0,0.0,1
exploratory_post_hoc_boundary_specific,56fd664328194b2176ca,0.75,4,responsive,responsive boundary,early_only,early only,71,0.0,0.017531710396996733,0.08232298065324814,0.75,0.0,2.2589792684791075e-09,4.1282610888386745e-08,0.75,0.75,0.0,0.0,0,,,1984.0,1984,1.0,0.9650591539356388,0.0,-0.0003207349847705004,1.0,0.9999999948247159,0.0,3.178103404842768e-10,5.4287070219371065,0.6648571725207054,12.88545952125703,1.1039312077250418,0.07470068087594338,2.1368852685554884e-05,0.0,0.0,0.0003207353025808409,0.03494084088907712,0.0,0,0.0,1
exploratory_post_hoc_boundary_specific,5a502a24fc980f3f1227,0.9,3,negative_control,preselected comparison,delayed_critic_reset,delayed + critic reset,67,0.0,0.0008106348944286367,0.005025828529673456,0.9,0.0,1.7258923535333065e-07,2.355610282666532e-06,0.9,0.9,0.0,0.0,0,,,1984.0,1984,1.0,0.9984763768832867,0.0,-5.752398529706017e-05,1.0,0.9999996547765583,0.0,6.887019061319978e-10,3.8457948542904856,0.41239172382862455,8.711337938178556,0.7294680090710752,0.01901787097147075,9.363849130750168e-06,0.0,0.0,5.7524673998966305e-05,0.0015232778932715574,0.0,0,0.0,1
exploratory_post_hoc_boundary_specific,6253cbcaa037b5f67174,0.75,4,responsive,responsive boundary,delayed_carry,delayed,41,0.0,0.0016622411554046313,0.009425709974223739,0.75,0.2448,0.24479274810410134,6.545865750902925e-05,0.81125,0.81125,393.5376,0.1983556451612903,0,,,1984.0,1984,1.0,0.9968144054079832,0.0,-0.0001621994008339349,0.7552,0.7551947039516502,0.2448,-0.24477921513295162,7.761542494508886,0.8602375600817502,11.181416429978915,0.9520158789375284,0.0362508523569006,2.31768426601775e-05,0.2448,-0.24480000000000002,-0.2446170157321177,-0.24161970145633294,0.25,4,0.00520000000000001,1
exploratory_post_hoc_boundary_specific,6302c9b23456ddb12eef,0.75,4,responsive,responsive boundary,high_high,continuous,71,0.0,0.017531710396996733,0.08232298065324814,0.75,1.0,0.9997247047197932,0.0014903963452796273,1.0,1.0,1576.8832,0.7948,1,576,512,512.0,1984,1.0,0.9650591539356388,0.0,-0.0003207349847705004,0.0,0.00022569661217266884,1.0,-0.9996710758100686,12.397414163538896,1.5183191308779582,10.16791320749855,0.8711118675030586,0.04582814534004382,1.0513132110645529e-05,1.0,-1.0,-0.9993503408252982,-0.9648334573234661,1.0,16,0.0,1
exploratory_post_hoc_boundary_specific,649995d97d45dba8a151,0.9,3,negative_control,preselected comparison,delayed_critic_reset,delayed + critic reset,11,0.0,0.0004696653970298965,0.003696263002345033,0.9,0.0,3.860779393230395e-06,4.677613815724786e-05,0.9,0.9,0.0,0.0,0,,,1984.0,1984,1.0,0.999073178308792,0.0,-1.0920504107329948e-05,1.0,0.9999923723670392,0.0,-3.106686264644682e-07,2.52575972600422,0.277174536103056,7.730764994446657,0.6570247955923753,0.017605857446649904,1.0947259397653397e-05,0.0,0.0,1.060983548086548e-05,0.0009191940582471414,0.0,0,0.0,1
exploratory_post_hoc_boundary_specific,65c4584198ecc5181af2,0.75,4,responsive,responsive boundary,zero_zero,never,37,0.0,0.0009597926721862562,0.007171688859402539,0.75,0.0,1.879772191455313e-07,2.685128267043684e-06,0.75,0.75,0.0,0.0,0,,,1984.0,1984,1.0,0.9980707819933389,0.0,-3.659221159285019e-06,1.0,0.9999996068802524,0.0,2.409392359144717e-09,3.2859881361991854,0.3745063524318827,10.758021599705994,0.9150360360922323,0.03571236334217217,2.2342868760460988e-05,0.0,0.0,3.6616305516441637e-06,0.0019288248869134828,0.0,0,0.0,1
exploratory_post_hoc_boundary_specific,66068532d82efc3825fb,0.9,3,negative_control,preselected comparison,delayed_actor_reset,delayed + actor-Adam reset,71,0.0,0.0004145463505733511,0.003302375800652799,0.9,0.246,0.2459902331376471,6.58967244172478e-05,0.924,0.924,118.08,0.059516129032258065,0,,,1984.0,1984,1.0,0.9992233249193294,0.0,-4.323218726775541e-05,0.754,0.7540094638453898,0.246,-0.24598994638557378,6.164444699730495,0.6761043762988639,9.271636853218533,0.7897278441876256,0.017408999988533132,6.702844530082075e-06,0.246,-0.246,-0.24594671419830602,-0.2452138610739396,0.25,2,0.0040000000000000036,1
exploratory_post_hoc_boundary_specific,66768edf05bff9b9fb01,0.75,4,responsive,responsive boundary,delayed_carry,delayed,67,0.0,0.0008478277244331982,0.005915091773360047,0.75,0.2465,0.24648815361949233,8.715084173622265e-05,0.81125,0.81125,393.9632,0.19857016129032257,0,,,1984.0,1984,1.0,0.998427738289097,0.0,-9.282915949289997e-05,0.7535,0.7535049513150474,0.2465,-0.24648097155262838,8.135008431133288,0.899089669240197,11.214481953007757,0.9468777611990631,0.03358031506967166,2.706543091335334e-05,0.2465,-0.24650000000000005,-0.24638814239313547,-0.24492278697404968,0.25,4,0.003500000000000003,1
exploratory_post_hoc_boundary_specific,66ee357914e567316f72,0.75,4,responsive,responsive boundary,zero_zero,never,83,0.0,0.0006410991878667119,0.004629472202073291,0.75,0.0602,0.06018381371485955,0.00012170278700950851,0.76675,0.76675,73.2032,0.036896774193548386,0,,,1984.0,1984,1.0,0.998764324460315,0.0,-2.937692110588737e-05,0.9398,0.9398158422749737,0.0602,-0.06018346099303877,6.292797275920812,0.6873771238666677,10.498363042213581,0.88229551676796,0.039300551698621795,1.1415953849791549e-05,0.0602,-0.06020000000000003,-0.06015408407193288,-0.05894848218534132,0.0625,1,0.0023000000000000034,1
exploratory_post_hoc_boundary_specific,6a6a8a4aad71b9d0d163,0.9,3,negative_control,preselected comparison,zero_zero,never,41,0.0,0.00036955007370036857,0.003045474045938952,0.9,0.0,1.2950202303336724e-08,2.1587976397402665e-07,0.9,0.9,0.0,0.0,0,,,1984.0,1984,1.0,0.9993073104418789,0.0,-4.530435813510162e-05,1.0,0.9999999798858275,0.0,-6.030869672765977e-09,3.8809803985521447,0.41849183955600555,9.448663714886768,0.8000409627221695,0.01568100204087434,1.0436991942697205e-05,0.0,0.0,4.529832726542885e-05,0.0006926694439485237,0.0,0,0.0,1
exploratory_post_hoc_boundary_specific,6c1d9c8449e74f3da4f1,0.9,3,negative_control,preselected comparison,high_high,continuous,23,0.0,0.0009327955585917895,0.007030461402339373,0.9,0.249,0.2489997880924986,2.8216945366545135e-06,0.9255,0.9255,398.8608,0.20103870967741935,0,,,1984.0,1984,1.0,0.9981472409622025,0.0,-4.310591860058798e-05,0.751,0.750979745475187,0.249,-0.24898148684467739,6.568756053287815,0.7322996770874273,8.633866190192007,0.7206468077691202,0.015907812002655054,6.167741230456159e-05,0.249,-0.249,-0.24893838092607679,-0.24716749548701555,0.25,2,0.0010000000000000009,1
exploratory_post_hoc_boundary_specific,6cfda1d0f2791f08abb4,0.9,3,negative_control,preselected comparison,delayed_carry,delayed,67,0.0,0.0008106348944286367,0.005025828529673456,0.9,0.2461,0.24471227542261667,0.007630385535579971,0.927,0.927,301.3184,0.1518741935483871,0,,,1984.0,1984,1.0,0.9984763768832867,0.0,-5.752398529706017e-05,0.7539,0.7542483708614226,0.2461,-0.24383945387522585,5.387158271006335,0.5776749852997044,9.925858493109732,0.8311692514598863,0.016840565265393504,0.00016222373233176768,0.2461,-0.24609999999999999,-0.24378192988992878,-0.24422800602186412,0.25,2,0.003899999999999987,1
exploratory_post_hoc_boundary_specific,6f99a75f3c0b9c9dc859,0.75,4,responsive,responsive boundary,high_high,continuous,101,0.0,0.0380742605073251,0.14175466693474595,0.75,1.0,0.9997815440475253,0.0012511546580763581,1.0,1.0,1812.304,0.9134596774193549,1,320,256,256.0,1984,1.0,0.9273357700430149,0.0,-0.0034543333954862006,0.0,0.00019154516106376554,1.0,-0.9997531605014913,10.857641483789605,1.3242319232417992,4.2992785564200995,0.3647788511572749,0.019479503204778766,4.99152747579501e-06,1.0,-1.0,-0.9962988271060051,-0.9271442248819511,1.0,16,0.0,1
exploratory_post_hoc_boundary_specific,712d53d1e0746397092a,0.75,4,responsive,responsive boundary,high_high,continuous,41,0.0202,0.04722973658075683,0.11345129895836076,0.74175,0.4355,0.43417024558172407,0.0054397782361284555,0.863,0.863,697.0196,0.35132036290322577,0,,,1984.0,1984,0.9608,0.9051561233464767,0.017275000000000002,-0.0012218710856057124,0.5645,0.5657091690214137,0.4355,-0.4340349916011018,10.622166391669566,1.260340166195124,11.147574330532917,0.9499959883660829,0.036704506992452375,0.0038993251509964466,0.418225,-0.3963,-0.4328131205154961,-0.339446954325063,0.4375,7,0.0020000000000000018,1
exploratory_post_hoc_boundary_specific,7262b1cb1ec00cbdd996,0.75,4,responsive,responsive boundary,high_high,continuous,83,0.0,0.011859769601320371,0.05679759307300069,0.75,0.2465,0.24644105346473358,0.00040784513757332165,0.8125,0.8125,452.9792,0.22831612903225806,0,,,1984.0,1984,1.0,0.9770961817604366,0.0,-0.0005489512690699348,0.7535,0.7534954194423806,0.2465,-0.246376902700907,8.108130765675448,0.95386300707651,10.575299123881049,0.8900425929892526,0.02408329466525963,1.5142144548008218e-05,0.2465,-0.24650000000000005,-0.24582795143183708,-0.22360076231805592,0.25,4,0.003500000000000003,1
exploratory_post_hoc_boundary_specific,75ae8bc71d25be6d43ba,0.75,4,responsive,responsive boundary,early_only,early only,97,0.0,0.011622329834570485,0.053716865989824995,0.75,0.0,4.609109245739191e-07,6.118228473646932e-06,0.75,0.75,0.3456,0.00017419354838709678,0,,,1984.0,1984,1.0,0.9773862149691959,0.0,-0.0004755122364607287,1.0,0.9999991752089918,0.0,-6.275686840092145e-08,3.984074487077222,0.47349595645230114,11.559475391019065,0.9759926675774678,0.04004326618200922,1.8856277165468782e-05,0.0,0.0,0.0004754494795923278,0.022612960239795976,0.0,0,0.0,1
exploratory_post_hoc_boundary_specific,75e738bfb22932153e3e,0.75,4,responsive,responsive boundary,delayed_actor_reset,delayed + actor-Adam reset,37,0.0,0.0009597926721862562,0.007171688859402539,0.75,0.1919,0.19181642671538363,0.0005289876559655418,0.80175,0.80175,139.14239999999998,0.07013225806451612,0,,,1984.0,1984,1.0,0.9980707819933389,0.0,-3.659221159285019e-06,0.8081,0.8081822280466366,0.1919,-0.1918150592352106,9.243565513505175,1.053495588067493,12.09974768016312,1.029158107962455,0.03641935207811055,4.3844731408171356e-05,0.1919,-0.19189999999999996,-0.19181140001405134,-0.18988855394670223,0.1875,3,0.004399999999999987,1
exploratory_post_hoc_boundary_specific,784e6229663b166f672f,0.9,3,negative_control,preselected comparison,early_only,early only,37,0.0,0.002573165858317556,0.015850209897485305,0.9,0.2506,0.250599398644311,6.531819966736492e-06,0.922,0.922,120.288,0.060629032258064514,0,,,1984.0,1984,1.0,0.9954569453696304,0.0,-0.000577807556672234,0.7494,0.7493982460554315,0.2506,-0.2505972754575099,5.946318758126376,0.6809206309527901,9.418365336262893,0.7963079218627569,0.00862274517966702,0.0006543060881085694,0.2506,-0.25060000000000004,-0.2500194679008377,-0.24605869931419888,0.25,2,0.0005999999999999894,1
exploratory_post_hoc_boundary_specific,7cc608885128ad92576a,0.9,3,negative_control,preselected comparison,high_high,continuous,53,0.0,0.00084206950638353,0.00617564411568568,0.9,0.0,1.236158491375051e-09,2.361222170882688e-08,0.9,0.9,0.0,0.0,0,,,1984.0,1984,1.0,0.9983111883979174,0.0,2.8929362820803665e-06,1.0,0.9999999974766434,0.0,-5.727311799918815e-11,3.8067335956984603,0.4194872749154207,9.501422361473372,0.8020338024155336,0.01538269708948224,0.0003175558231305331,0.0,0.0,-2.8929935551983655e-06,0.001688809078725928,0.0,0,0.0,1
exploratory_post_hoc_boundary_specific,814acb854c8bd648eac6,0.9,3,negative_control,preselected comparison,zero_zero,never,101,0.0,0.0006271156909202671,0.0046029288228969555,0.9,0.0,8.184771895959138e-07,9.304628268689783e-06,0.9,0.9,0.0,0.0,0,,,1984.0,1984,1.0,0.9987070008104911,0.0,3.428383285387997e-05,1.0,0.9999990634845837,0.0,-7.009634105428272e-07,2.94416151165835,0.3168209122694824,8.975589338607115,0.7580263645820486,0.0163624673539705,2.0159284758847207e-05,0.0,0.0,-3.4984796264422795e-05,0.0012920626740925423,0.0,0,0.0,1
exploratory_post_hoc_boundary_specific,8256c268b61dcfa5d1b7,0.75,4,responsive,responsive boundary,delayed_critic_reset,delayed + critic reset,71,0.0,0.0010403450002203112,0.007094042063590159,0.75,0.2571,0.25695216870645043,0.0009339221383343491,0.817,0.817,424.9152,0.2141709677419355,0,,,1984.0,1984,1.0,0.9979401987607547,0.0,-6.717926252531758e-05,0.7429,0.7430476073870467,0.2571,-0.2569519506690718,8.436631957722817,0.948834997510119,9.306649456170124,0.797195529894813,0.039315056629128216,1.3369633052207064e-05,0.2571,-0.2571,-0.2568847714065465,-0.254892591373708,0.25,4,0.007099999999999995,1
exploratory_post_hoc_boundary_specific,83b0b3f553f30fc9bdb1,0.75,4,responsive,responsive boundary,delayed_actor_reset,delayed + actor-Adam reset,41,0.0,0.0016622411554046313,0.009425709974223739,0.75,0.2531,0.25309978303680164,2.7676776208774934e-06,0.81525,0.81525,441.4976,0.2225290322580645,0,,,1984.0,1984,1.0,0.9968144054079832,0.0,-0.0001621994008339349,0.7469,0.7468939033311551,0.2531,-0.25309378073607103,8.58716835274021,0.9517444189732387,10.475310522382799,0.8918961221560197,0.03296874208636234,1.156577854999341e-05,0.2531,-0.2531,-0.2529315813352371,-0.24992050207682803,0.25,4,0.0030999999999999917,1
exploratory_post_hoc_boundary_specific,85f32a38ed55a7f871b7,0.9,3,negative_control,preselected comparison,delayed_carry,delayed,23,0.0,0.0002931946939382436,0.0025320745645121376,0.9,0.249,0.2489953567058441,4.256135447074764e-05,0.9255,0.9255,399.0528,0.20113548387096775,0,,,1984.0,1984,1.0,0.9994302716756767,0.0,-2.2449518874672603e-05,0.751,0.7509909941907623,0.249,-0.24898205825283617,5.473448529620545,0.5900918196974466,8.406294615677517,0.7012134530937787,0.015609807757043974,1.4228163308871444e-05,0.249,-0.249,-0.2489596087339615,-0.24843927748491434,0.25,2,0.0010000000000000009,1
exploratory_post_hoc_boundary_specific,8661b21f2f24c48efed2,0.75,4,responsive,responsive boundary,high_high,continuous,11,0.0,0.009280482632868682,0.04613122664434252,0.75,0.2468,0.24667272032414922,0.0008538994378255151,0.80775,0.80775,450.4176,0.227025,0,,,1984.0,1984,1.0,0.9818534858846913,0.0,-0.000378012121601306,0.7532,0.7533175993500647,0.2468,-0.246660244661473,8.15594681678173,0.9762584173812199,10.302348024518487,0.88009688700237,0.024207669440013475,5.09924502694048e-05,0.2468,-0.24680000000000002,-0.2462822325398717,-0.22853588653462664,0.25,4,0.0032000000000000084,1
exploratory_post_hoc_boundary_specific,87574bf3c5d794fc7fac,0.75,4,responsive,responsive boundary,early_only,early only,11,0.0,0.009280482632868682,0.04613122664434252,0.75,0.0,7.853096715540191e-08,9.74390743953335e-07,0.75,0.75,0.0,0.0,0,,,1984.0,1984,1.0,0.9818534858846913,0.0,-0.000378012121601306,1.0,0.9999998329912825,0.0,3.5061571744942924e-08,4.926816960797914,0.5897349059435687,10.906292955485007,0.9316899852358514,0.03598977561147867,1.1836340490845032e-05,0.0,0.0,0.00037804718317305095,0.018146347106591132,0.0,0,0.0,1
exploratory_post_hoc_boundary_specific,88456217f6ac232dbd17,0.75,4,responsive,responsive boundary,zero_zero,never,41,0.0,0.0016622411554046313,0.009425709974223739,0.75,0.0,2.6668564236608693e-07,2.4272972487307173e-06,0.75,0.75,0.0,0.0,0,,,1984.0,1984,1.0,0.9968144054079832,0.0,-0.0001621994008339349,1.0,0.9999996182728719,0.0,-1.7564910796876125e-07,6.135478842736456,0.6800155192531449,11.767699619254646,1.001933607092984,0.03910584404122458,5.2807597967330366e-05,0.0,0.0,0.00016202375172596613,0.003185212864888709,0.0,0,0.0,1
exploratory_post_hoc_boundary_specific,88d172a7b6db9929c08c,0.9,3,negative_control,preselected comparison,high_high,continuous,83,0.0,0.0005256478049513093,0.004180232939498188,0.9,0.0,9.328266922625256e-07,9.190464037757003e-06,0.9,0.9,0.0,0.0,0,,,1984.0,1984,1.0,0.9989878695414162,0.0,-3.986998106937173e-05,1.0,0.999999016379608,0.0,-8.747046114519235e-07,3.551585972044517,0.38560142123848923,8.05147605404254,0.6722440367153599,0.00907244105637003,8.670765964780003e-06,0.0,0.0,3.899527645791981e-05,0.001011146838191812,0.0,0,0.0,1
exploratory_post_hoc_boundary_specific,88f949281b5fe95f428f,0.75,4,responsive,responsive boundary,delayed_critic_reset,delayed + critic reset,101,0.0,0.0013654159160628862,0.009220838572961593,0.75,0.2556,0.2555985153247932,1.602857161451276e-05,0.81025,0.81025,469.04479999999995,0.23641370967741934,0,,,1984.0,1984,1.0,0.9974221253683955,0.0,-0.00012944010975911912,0.7444,0.744396935375417,0.2556,-0.2555941427562459,7.72064425971501,0.8593558697149557,9.268852565144567,0.7859147094584742,0.022514989939658583,1.2962777873326559e-05,0.2556,-0.25560000000000005,-0.2554647026464868,-0.2530251899929785,0.25,4,0.005599999999999994,1
exploratory_post_hoc_boundary_specific,8a4e1ae1959c86dc651e,0.75,4,responsive,responsive boundary,high_high,continuous,67,0.0002,0.031655600845981784,0.1122611420579474,0.75,0.2488,0.24876645900550565,0.00023181575577128522,0.813,0.813,458.9561,0.23132867943548388,0,,,1984.0,1984,0.9998,0.9381796673888674,0.0002,-0.0013074609284480817,0.7512,0.7512276957572238,0.2488,-0.2487617298592066,7.82060502308526,0.9413033025235652,9.91038247249617,0.836581287312067,0.019384822500054782,1.314399742113892e-05,0.2486,-0.24860000000000004,-0.24745426893075853,-0.18695197163164357,0.25,4,0.0012000000000000066,1
exploratory_post_hoc_boundary_specific,8b28a3502830658f38e6,0.9,3,negative_control,preselected comparison,early_only,early only,97,0.0,0.0009779793397312745,0.007165813662442115,0.9,0.0,7.63947577018999e-07,8.73018926582832e-06,0.9,0.9,0.0,0.0,0,,,1984.0,1984,1.0,0.9980278126360812,0.0,1.9133725051420024e-05,1.0,0.9999983958521028,0.0,1.320533628258236e-07,3.5605561031380564,0.3963323891902807,7.6491076700917295,0.641663648029277,0.016593551412416155,1.9557794075808488e-05,0.0,0.0,-1.90016716885942e-05,0.0019705832160216152,0.0,0,0.0,1
exploratory_post_hoc_boundary_specific,8b47c29cad74414d459f,0.9,3,negative_control,preselected comparison,delayed_actor_reset,delayed + actor-Adam reset,97,0.0,0.00034300923975291324,0.0028539338266070718,0.9,0.0,6.44843303774404e-08,9.926423074548805e-07,0.9,0.9,0.009600000000000001,4.838709677419355e-06,0,,,1984.0,1984,1.0,0.9993266955796611,0.0,-1.4982702646024346e-05,1.0,0.9999998813000133,0.0,-8.19424145816351e-09,3.2715939832495176,0.3524392536732389,7.67976169469663,0.6444490434161728,0.016969814996428922,2.0873190806014463e-05,0.0,0.0,1.4974508404566182e-05,0.0006731857203521319,0.0,0,0.0,1
exploratory_post_hoc_boundary_specific,8d551813a92d69f28b82,0.75,4,responsive,responsive boundary,early_only,early only,83,0.0,0.011859769601320371,0.05679759307300069,0.75,0.0602,0.060187234139700695,9.215238492580429e-05,0.76675,0.76675,29.779199999999996,0.015009677419354836,0,,,1984.0,1984,1.0,0.9770961817604366,0.0,-0.0005489512690699348,0.9398,0.9398051410418445,0.0602,-0.06017894879020694,6.271277976492696,0.7377705468433807,10.637430590210494,0.8952717265343461,0.03947412442669624,1.1811406693595927e-05,0.0602,-0.06020000000000003,-0.059629997521137006,-0.03729104071859202,0.0625,1,0.0023000000000000034,1
exploratory_post_hoc_boundary_specific,8fccb0bd01729d216b15,0.75,4,responsive,responsive boundary,zero_zero,never,101,0.0,0.0013654159160628862,0.009220838572961593,0.75,0.2493,0.24928535700732646,0.0001123327684228092,0.816,0.816,303.1488,0.1527967741935484,0,,,1984.0,1984,1.0,0.9974221253683955,0.0,-0.00012944010975911912,0.7507,0.7507139363414328,0.2493,-0.24928473513190963,9.167473930207267,1.0203970377820843,14.281480404480487,1.2109401291948494,0.06963656031857966,2.3456490453099832e-05,0.2493,-0.24929999999999997,-0.2491552950221505,-0.24670818902696268,0.25,4,0.0007000000000000062,1
exploratory_post_hoc_boundary_specific,918e673e51252f9bbcea,0.75,4,responsive,responsive boundary,delayed_actor_reset,delayed + actor-Adam reset,97,0.0,0.0005111211979946192,0.00398622821141249,0.75,0.2533,0.25329175643411944,7.025400659158479e-05,0.819,0.819,453.89680000000004,0.2287786290322581,0,,,1984.0,1984,1.0,0.9989925586260818,0.0,-1.642402828690746e-05,0.7467,0.7467072156804272,0.2533,-0.253290644569675,7.481210357260543,0.8234005968675089,10.656202613421327,0.8991080288745921,0.03310998325019866,9.786654118215665e-06,0.2533,-0.25329999999999997,-0.2532742205413881,-0.25228534294565463,0.25,4,0.003300000000000025,1
exploratory_post_hoc_boundary_specific,948e46bc7520d32aefd4,0.9,3,negative_control,preselected comparison,delayed_critic_reset,delayed + critic reset,101,0.0,0.0006271156909202671,0.0046029288228969555,0.9,0.1286,0.12776836950158818,0.001966535620741241,0.9135,0.9135,61.727999999999994,0.031112903225806447,0,,,1984.0,1984,1.0,0.9987070008104911,0.0,3.428383285387997e-05,0.8714,0.8716506960988736,0.1286,-0.12701722732634216,6.197376696231642,0.6668990579500469,9.44439697798882,0.797619146422038,0.020544279332212124,0.009683692827820778,0.1286,-0.12860000000000005,-0.12705151115919605,-0.12705630471161755,0.125,1,0.003599999999999992,1
exploratory_post_hoc_boundary_specific,97dda366eee08ddd7a55,0.9,3,negative_control,preselected comparison,zero_zero,never,23,0.0,0.0002931946939382436,0.0025320745645121376,0.9,0.0,3.981038766746202e-06,3.723897651857955e-05,0.9,0.9,0.0,0.0,0,,,1984.0,1984,1.0,0.9994302716756767,0.0,-2.2449518874672603e-05,1.0,0.999955022204515,0.0,2.9532146080438684e-05,3.6338180802107907,0.3917614848841418,8.287635268557894,0.6913154499497505,0.015618924318345013,3.8768415834056213e-05,0.0,0.0,5.198166495511129e-05,0.0005247505288383802,0.0,0,0.0,1
exploratory_post_hoc_boundary_specific,9ed6d3b5e932c95befcc,0.9,3,negative_control,preselected comparison,delayed_actor_reset,delayed + actor-Adam reset,23,0.0,0.0002931946939382436,0.0025320745645121376,0.9,0.0,1.8332247952158036e-07,1.8379361388035433e-06,0.9,0.9,0.0012000000000000001,6.048387096774194e-07,0,,,1984.0,1984,1.0,0.9994302716756767,0.0,-2.2449518874672603e-05,1.0,0.9999997786711956,0.0,-1.5016581849840324e-07,4.182113551294739,0.4508731528778894,8.251637236043669,0.6883126638426819,0.015609714735991619,3.4686698199948296e-05,0.0,0.0,2.22993530561742e-05,0.0005695069955189425,0.0,0,0.0,1
exploratory_post_hoc_boundary_specific,9ef3849d25caf992b96e,0.75,4,responsive,responsive boundary,delayed_critic_reset,delayed + critic reset,37,0.0,0.0009597926721862562,0.007171688859402539,0.75,0.245,0.24499952625576957,6.481149178596265e-06,0.812,0.812,345.4592,0.17412258064516128,0,,,1984.0,1984,1.0,0.9980707819933389,0.0,-3.659221159285019e-06,0.755,0.7549429802613346,0.245,-0.2449415346310068,8.902658329963371,1.0146421593470405,10.831382819925857,0.9212758599790617,0.037904799409152916,0.00013117936032358557,0.245,-0.245,-0.24493787540984752,-0.24312780173200432,0.25,4,0.0050000000000000044,1
exploratory_post_hoc_boundary_specific,9f87530564d2a0a50964,0.9,3,negative_control,preselected comparison,delayed_actor_reset,delayed + actor-Adam reset,41,0.0,0.00036955007370036857,0.003045474045938952,0.9,0.2457,0.24569996143626796,5.657717676115239e-07,0.92925,0.92925,393.12120000000004,0.19814576612903229,0,,,1984.0,1984,1.0,0.9993073104418789,0.0,-4.530435813510162e-05,0.7543,0.7542983558495922,0.2457,-0.24569825498016382,5.94249303605792,0.6407877873169365,9.144223362612136,0.7742632697197689,0.015702561081260707,5.947602858213941e-06,0.2457,-0.24570000000000003,-0.24565295062202872,-0.24500895459228678,0.25,2,0.004299999999999998,1
exploratory_post_hoc_boundary_specific,a5905155f0ba6a022071,0.9,3,negative_control,preselected comparison,zero_zero,never,71,0.0,0.0004145463505733511,0.003302375800652799,0.9,0.0,6.038016601610866e-09,1.0341357417524488e-07,0.9,0.9,0.0,0.0,0,,,1984.0,1984,1.0,0.9992233249193294,0.0,-4.323218726775541e-05,1.0,0.9999999859706163,0.0,1.9403963772111705e-09,3.7131344829187176,0.40724941109412816,8.194385940108662,0.6979711183011833,0.017353127072555864,2.7755062546930276e-05,0.0,0.0,4.323412766413262e-05,0.000776661051286931,0.0,0,0.0,1
exploratory_post_hoc_boundary_specific,a618122400abeb1a3aa1,0.9,3,negative_control,preselected comparison,early_only,early only,83,0.0,0.0005256478049513093,0.004180232939498188,0.9,0.0,2.2811324703736596e-06,2.517976357552437e-05,0.9,0.9,0.0,0.0,0,,,1984.0,1984,1.0,0.9989878695414162,0.0,-3.986998106937173e-05,1.0,0.9999963971917561,0.0,-1.0222113430223012e-06,2.657618195493238,0.2885418968758717,8.026662076545334,0.6701722366767432,0.009096355129234573,8.580434950999916e-06,0.0,0.0,3.884776972634943e-05,0.0010085276503399854,0.0,0,0.0,1
exploratory_post_hoc_boundary_specific,a80616514aac6240b380,0.75,4,responsive,responsive boundary,delayed_carry,delayed,71,0.0,0.0010403450002203112,0.007094042063590159,0.75,0.2506,0.2505793945363663,0.0001441492574606868,0.8105,0.8105,402.9568,0.2031032258064516,0,,,1984.0,1984,1.0,0.9979401987607547,0.0,-6.717926252531758e-05,0.7494,0.7494122605064679,0.2506,-0.2505664581652052,8.720773738572243,0.980791312219094,10.678922983856905,0.9147427016473288,0.06866862757748582,3.5758079320658e-05,0.2506,-0.25060000000000004,-0.25049927890267987,-0.24852793825428676,0.25,4,0.0005999999999999894,1
exploratory_post_hoc_boundary_specific,a8d37eb47d63aa6c8b4d,0.75,4,responsive,responsive boundary,high_high,continuous,23,0.0,0.016994490197859317,0.07587502497808585,0.75,1.0,0.9999572332190518,0.00039091526093439376,1.0,1.0,1621.3408,0.817208064516129,1,576,512,512.0,1984,1.0,0.9660700172277302,0.0,-3.13861120165448e-05,0.0,3.192027670933578e-05,1.0,-0.9999466222466684,12.200340754205946,1.4657265562987254,5.211463865732335,0.4378806206403921,0.037823101004062075,8.808637176116463e-06,1.0,-1.0,-0.9999152361346518,-0.9660380969510209,1.0,16,0.0,1
exploratory_post_hoc_boundary_specific,ac286593812c051e5a0b,0.75,4,responsive,responsive boundary,delayed_critic_reset,delayed + critic reset,67,0.0,0.0008478277244331982,0.005915091773360047,0.75,0.2515,0.251486668779116,9.890600828860196e-05,0.8095,0.8095,450.4864,0.22705967741935484,0,,,1984.0,1984,1.0,0.998427738289097,0.0,-9.282915949289997e-05,0.7485,0.7485053108922484,0.2515,-0.25147868155751973,8.852327408247813,0.9783685153942345,10.041679814553584,0.8478539928393376,0.035322579540301956,4.699260898632929e-05,0.2515,-0.25149999999999995,-0.25138585239802685,-0.24992242739684867,0.25,4,0.0015000000000000013,1
exploratory_post_hoc_boundary_specific,ac46c6daa8543da9babd,0.9,3,negative_control,preselected comparison,high_high,continuous,67,0.0,0.0013987608357813614,0.008724633534929548,0.9,0.0,1.5027708626777534e-07,2.1113207829829735e-06,0.9,0.9,0.0,0.0,0,,,1984.0,1984,1.0,0.9973338094087694,0.0,-4.8199268167078926e-05,1.0,0.9999997304946467,0.0,-3.357010819178239e-08,3.526433568591567,0.38822499580495534,9.607818062806581,0.8049514482130411,0.015506213312054314,1.2292693099880125e-05,0.0,0.0,4.8165698058887147e-05,0.0026659210858773763,0.0,0,0.0,1
exploratory_post_hoc_boundary_specific,adc7d4373bdf937628cf,0.9,3,negative_control,preselected comparison,delayed_carry,delayed,41,0.0,0.00036955007370036857,0.003045474045938952,0.9,0.2457,0.24569922670238314,8.63188979869142e-06,0.92925,0.92925,117.936,0.05944354838709678,0,,,1984.0,1984,1.0,0.9993073104418789,0.0,-4.530435813510162e-05,0.7543,0.7542983765668205,0.2457,-0.24569692448054373,5.86325540425337,0.632243476629792,9.701640162525589,0.8214610837913657,0.015733067536864497,6.5730196183722e-06,0.2457,-0.24570000000000003,-0.24565162012240863,-0.2450089338750584,0.25,2,0.004299999999999998,1
exploratory_post_hoc_boundary_specific,b1dcd9cf551bfda7e87c,0.75,4,responsive,responsive boundary,zero_zero,never,67,0.0,0.0008478277244331982,0.005915091773360047,0.75,0.0,4.908320474657267e-08,7.364571002068846e-07,0.75,0.75,0.0,0.0,0,,,1984.0,1984,1.0,0.998427738289097,0.0,-9.282915949289997e-05,1.0,0.9999999068036184,0.0,-7.85288632067683e-09,3.838919429958443,0.42428140422225336,12.018584143604683,1.0147709091124602,0.04225253920554335,2.6979825634043664e-05,0.0,0.0,9.282130660657929e-05,0.0015721685145213549,0.0,0,0.0,1
exploratory_post_hoc_boundary_specific,b296acf1b265c0dac393,0.75,4,responsive,responsive boundary,delayed_critic_reset,delayed + critic reset,11,0.0,0.0008682424465219949,0.006083336439974004,0.75,0.2516,0.25156092576117706,0.00018619920664061988,0.811,0.811,450.98720000000003,0.22731209677419356,0,,,1984.0,1984,1.0,0.9982889228047243,0.0,-3.518661300103821e-05,0.7484,0.7484372624533263,0.2516,-0.251558815991924,7.687223091215661,0.8615235295307829,9.716724532866722,0.8305323724058156,0.03215814429453355,1.223489653057186e-05,0.2516,-0.25160000000000005,-0.2515236293789229,-0.24985166035139794,0.25,4,0.0015999999999999903,1
exploratory_post_hoc_boundary_specific,b2d23254aa65b702fc83,0.75,4,responsive,responsive boundary,high_high,continuous,53,0.0,0.014858450906407882,0.06844765414747707,0.75,0.2516,0.2515995419829542,4.9884847987879015e-06,0.8085,0.8085,450.9848,0.2273108870967742,0,,,1984.0,1984,1.0,0.9709684433396546,0.0,-0.0007916469258239899,0.7484,0.7483933148107722,0.2516,-0.2515897090251552,8.32612350666236,0.9976822721770741,10.687138683676352,0.9057762514855318,0.03102661773435155,1.545353006804362e-05,0.2516,-0.25160000000000005,-0.2507980620993312,-0.2225751285288824,0.25,4,0.0015999999999999903,1
exploratory_post_hoc_boundary_specific,b4449315e33b67de7436,0.9,3,negative_control,preselected comparison,high_high,continuous,71,0.0,0.001569770592325807,0.010206079110966871,0.9,0.0,1.6425795064011958e-06,1.3642902670189971e-05,0.9,0.9,0.0,0.0,0,,,1984.0,1984,1.0,0.9969635269168646,0.0,-8.944412081806712e-05,1.0,0.9999982607006864,0.0,-1.49988122311259e-06,3.6619603856286096,0.41181899969776736,8.303148267627849,0.7072998755705487,0.01739443412224494,9.44761086429935e-06,0.0,0.0,8.794423959495452e-05,0.003034733783821797,0.0,0,0.0,1
exploratory_post_hoc_boundary_specific,b5cc30d4c6c7626c49a8,0.75,4,responsive,responsive boundary,delayed_carry,delayed,97,0.0,0.0005111211979946192,0.00398622821141249,0.75,0.2554,0.2553996968965137,3.836637372889733e-06,0.816,0.816,410.54080000000005,0.20692580645161293,0,,,1984.0,1984,1.0,0.9989925586260818,0.0,-1.642402828690746e-05,0.7446,0.7445995210166969,0.2554,-0.2553988013073465,7.962277438831659,0.8763480349400851,10.652364355598863,0.8987841791365323,0.03580498984164842,1.2770665307471063e-05,0.2554,-0.25539999999999996,-0.2553823772790596,-0.2543930376093849,0.25,4,0.005400000000000016,1
exploratory_post_hoc_boundary_specific,b7bff249730dafa9155c,0.9,3,negative_control,preselected comparison,delayed_actor_reset,delayed + actor-Adam reset,37,0.0,0.0007634223848692289,0.005674495134085557,0.9,0.2587,0.2586986684140315,1.302199792813742e-05,0.92725,0.92725,474.69039999999995,0.23925927419354837,0,,,1984.0,1984,1.0,0.9986121744784827,0.0,-0.0001231944250841307,0.7413,0.741199021959381,0.2587,-0.25854806696385285,6.0050156555182035,0.6675662829560226,7.080703405587439,0.5984584717597399,0.0072558364749954665,1.095771585823968e-05,0.2587,-0.25870000000000004,-0.2584248725387687,-0.2574131525191017,0.25,2,0.008699999999999986,1
exploratory_post_hoc_boundary_specific,b89f808a7fa055642b6c,0.75,4,responsive,responsive boundary,high_high,continuous,97,0.0,0.011622329834570485,0.053716865989824995,0.75,0.248,0.24798824465428088,0.0001071072769947828,0.81675,0.81675,396.91519999999997,0.200058064516129,0,,,1984.0,1984,1.0,0.9773862149691959,0.0,-0.0004755122364607287,0.752,0.751987337410823,0.248,-0.2479663825831434,9.280697259297568,1.1029845550300268,10.537262127670953,0.889684888376405,0.03782640824892121,2.7842594136018306e-05,0.248,-0.248,-0.24749087034668268,-0.22539887755837285,0.25,4,0.0020000000000000018,1
exploratory_post_hoc_boundary_specific,b8f373784330bc33d76a,0.75,4,responsive,responsive boundary,delayed_actor_reset,delayed + actor-Adam reset,71,0.0,0.0010403450002203112,0.007094042063590159,0.75,0.1237,0.12368645213698434,0.00010372148606392883,0.777,0.777,204.65590000000003,0.10315317540322583,0,,,1984.0,1984,1.0,0.9979401987607547,0.0,-6.717926252531758e-05,0.8763,0.8763131600568147,0.1237,-0.12368609782825006,7.015413101697476,0.7889960716833581,10.60964785868667,0.9088086842140192,0.04067188333048952,9.592529750079848e-06,0.1237,-0.12370000000000003,-0.12361891856572474,-0.12162703870393998,0.125,2,0.0012999999999999956,1
exploratory_post_hoc_boundary_specific,b9e3e9c3dba9b305ba4b,0.9,3,negative_control,preselected comparison,zero_zero,never,97,0.0,0.00034300923975291324,0.0028539338266070718,0.9,0.0,2.23698221919413e-07,3.0458836087845234e-06,0.9,0.9,0.0,0.0,0,,,1984.0,1984,1.0,0.9993266955796611,0.0,-1.4982702646024346e-05,1.0,0.9999995766016485,0.0,-1.798082615219624e-08,3.7136869796246543,0.4000646394926185,7.696286048303341,0.6458356885098961,0.016622288970051163,1.4790061868552584e-05,0.0,0.0,1.496472181987215e-05,0.0006728810219873704,0.0,0,0.0,1
exploratory_post_hoc_boundary_specific,bfb8cf2fc03970dc404c,0.9,3,negative_control,preselected comparison,high_high,continuous,101,0.0,0.0015998016012098986,0.01044594690336514,0.9,0.0,6.166100429486699e-07,8.221187897459171e-06,0.9,0.9,0.0,0.0,0,,,1984.0,1984,1.0,0.9967753053501741,0.0,4.914746371840436e-05,1.0,0.9999987371529915,0.0,-1.6374096370937174e-08,2.9931056664949702,0.33240992591146323,8.881771069084948,0.7503274535897317,0.0163185614366608,1.1806541806436144e-05,0.0,0.0,-4.9163837814775296e-05,0.003223431802817367,0.0,0,0.0,1
exploratory_post_hoc_boundary_specific,bffc2a44f82b3f0de76e,0.9,3,negative_control,preselected comparison,delayed_critic_reset,delayed + critic reset,83,0.0,0.0001986959237856103,0.001770953937772488,0.9,0.2468,0.24679403545466944,5.305093216709823e-05,0.9255,0.9255,118.464,0.05970967741935484,0,,,1984.0,1984,1.0,0.9996238122764631,0.0,-1.7686092950174667e-05,0.7532,0.7531954144442918,0.2468,-0.24678118659130058,5.941121339163233,0.6280100899152449,8.488476961852038,0.7083222180751029,0.02090130428526695,2.6517929654801264e-05,0.2468,-0.24680000000000002,-0.2467635004983504,-0.2464283978321713,0.25,2,0.0032000000000000084,1
exploratory_post_hoc_boundary_specific,c1a127662995f730ee0b,0.9,3,negative_control,preselected comparison,zero_zero,never,67,0.0,0.0008106348944286367,0.005025828529673456,0.9,0.0,2.722629308256768e-07,3.805592815689169e-06,0.9,0.9,0.0,0.0,0,,,1984.0,1984,1.0,0.9984763768832867,0.0,-5.752398529706017e-05,1.0,0.9999994804978407,0.0,-3.841621981604588e-08,2.646651152414736,0.2838053178784786,9.40805521367207,0.7878095597543844,0.015339116039695297,2.4236313038272783e-05,0.0,0.0,5.7485569077244125e-05,0.001523103614553989,0.0,0,0.0,1
exploratory_post_hoc_boundary_specific,c20269a12c3308163f10,0.75,4,responsive,responsive boundary,delayed_actor_reset,delayed + actor-Adam reset,67,0.0,0.0008478277244331982,0.005915091773360047,0.75,0.2488,0.2487876578469291,7.360530672238734e-05,0.813,0.813,457.31859999999995,0.2305033266129032,0,,,1984.0,1984,1.0,0.998427738289097,0.0,-9.282915949289997e-05,0.7512,0.7512114181011011,0.2488,-0.2487870322003382,7.777290380742712,0.8595542948973696,9.971206482082529,0.841903683983873,0.022512778327033623,1.0571702659945004e-05,0.2488,-0.24880000000000002,-0.2486942030408453,-0.24721632018799589,0.25,4,0.0012000000000000066,1
exploratory_post_hoc_boundary_specific,c32403131dbd9472e9f4,0.9,3,negative_control,preselected comparison,early_only,early only,101,0.0,0.0015998016012098986,0.01044594690336514,0.9,0.0,5.8631313207121983e-08,9.525648871006036e-07,0.9,0.9,0.0,0.0,0,,,1984.0,1984,1.0,0.9967753053501741,0.0,4.914746371840436e-05,1.0,0.9999998729524872,0.0,8.377720864957025e-09,3.4495949583947403,0.3831069572252536,8.825555354032204,0.7455783788838919,0.016095862564087418,1.346284625469707e-05,0.0,0.0,-4.9139085997539403e-05,0.0032245676023130443,0.0,0,0.0,1
exploratory_post_hoc_boundary_specific,c52e3a2da1171b0d2f4b,0.9,3,negative_control,preselected comparison,high_high,continuous,97,0.0,0.0009779793397312745,0.007165813662442115,0.9,0.0,1.2827128254475218e-07,1.8411956559346806e-06,0.9,0.9,0.0,0.0,0,,,1984.0,1984,1.0,0.9980278126360812,0.0,1.9133725051420024e-05,1.0,0.9999997642048831,0.0,-1.8749282781181203e-08,3.5621408601734843,0.39650879156225394,7.631904165540724,0.6402204910016607,0.016599470431615485,2.063873762381263e-05,0.0,0.0,-1.9152474334201205e-05,0.001971951568801922,0.0,0,0.0,1
exploratory_post_hoc_boundary_specific,c9bc887aeaa166de95fb,0.75,4,responsive,responsive boundary,delayed_critic_reset,delayed + critic reset,83,0.0,0.0006410991878667119,0.004629472202073291,0.75,0.2465,0.24649090995074877,6.732026904435999e-05,0.8125,0.8125,442.79359999999997,0.2231822580645161,0,,,1984.0,1984,1.0,0.998764324460315,0.0,-2.937692110588737e-05,0.7535,0.7535072020314365,0.2465,-0.24648853196525683,7.905267761137512,0.8635110871661544,9.469609001493215,0.7958377447958144,0.033973431721798404,1.1034939234377816e-05,0.2465,-0.24650000000000005,-0.24645915504415095,-0.24525712242887854,0.25,4,0.003500000000000003,1
exploratory_post_hoc_boundary_specific,cdab6775df8705f61f31,0.75,4,responsive,responsive boundary,delayed_actor_reset,delayed + actor-Adam reset,83,0.0,0.0006410991878667119,0.004629472202073291,0.75,0.2465,0.24649450176582832,4.9927927814735765e-05,0.8125,0.8125,403.85165,0.20355425907258065,0,,,1984.0,1984,1.0,0.998764324460315,0.0,-2.937692110588737e-05,0.7535,0.7534991696061815,0.2465,-0.246486844978404,8.016013559696635,0.8756081125677471,11.26737893866791,0.9469245713202483,0.03910976590105415,1.0394716809969395e-05,0.2465,-0.24650000000000005,-0.24645746805729812,-0.24526515485413358,0.25,4,0.003500000000000003,1
exploratory_post_hoc_boundary_specific,d33bb2b2b7b832b94d34,0.9,3,negative_control,preselected comparison,zero_zero,never,37,0.0,0.0007634223848692289,0.005674495134085557,0.9,0.0,1.0803958920952012e-06,1.0604852295864408e-05,0.9,0.9,0.0,0.0,0,,,1984.0,1984,1.0,0.9986121744784827,0.0,-0.0001231944250841307,1.0,0.9999987484690867,0.0,-8.644400466915553e-07,3.831986491357485,0.42599472259867993,8.11593653639036,0.6859559987549364,0.00852396533272602,6.94816935720155e-06,0.0,0.0,0.00012232998503743916,0.0013865739906039343,0.0,0,0.0,1
exploratory_post_hoc_boundary_specific,d955a79801f76f412a92,0.9,3,negative_control,preselected comparison,delayed_actor_reset,delayed + actor-Adam reset,11,0.0,0.0004696653970298965,0.003696263002345033,0.9,0.0,2.607370120894996e-07,3.3188416825190843e-06,0.9,0.9,0.0,0.0,0,,,1984.0,1984,1.0,0.999073178308792,0.0,-1.0920504107329948e-05,1.0,0.9999995844074916,0.0,-1.1146625620543785e-07,3.535916206845754,0.3880281739554951,7.464368122047531,0.6343841706658362,0.009172859918633763,8.572585102228913e-06,0.0,0.0,1.080903785112451e-05,0.0009264060986995393,0.0,0,0.0,1
exploratory_post_hoc_boundary_specific,dad675889090b4f7985e,0.75,4,responsive,responsive boundary,delayed_carry,delayed,53,0.0,0.0006671996052446947,0.005154120923420611,0.75,0.2516,0.25139822202482975,0.0006692938480825705,0.8085,0.8085,403.69280000000003,0.2034741935483871,0,,,1984.0,1984,1.0,0.9986572642895671,0.0,-9.780390162871847e-06,0.7484,0.7485976368549334,0.2516,-0.2513948403700528,7.921106683624952,0.8807505977889752,12.511720339464123,1.0609508977438684,0.035823143953661776,7.409390673274174e-05,0.2516,-0.25160000000000005,-0.2513850599798899,-0.2500596274346337,0.25,4,0.0015999999999999903,1
exploratory_post_hoc_boundary_specific,dc9b913d512e308d372d,0.75,4,responsive,responsive boundary,delayed_actor_reset,delayed + actor-Adam reset,11,0.0,0.0008682424465219949,0.006083336439974004,0.75,0.2516,0.25159390844104695,4.9340677848400286e-05,0.811,0.811,402.66319999999996,0.20295524193548384,0,,,1984.0,1984,1.0,0.9982889228047243,0.0,-3.518661300103821e-05,0.7484,0.7484030775831699,0.2516,-0.2515899269654356,8.78988071205916,0.9851007269271549,12.603692783882975,1.0772945999925432,0.03747533521036356,1.667283140704967e-05,0.2516,-0.25160000000000005,-0.2515547403524345,-0.24988584522155433,0.25,4,0.0015999999999999903,1
exploratory_post_hoc_boundary_specific,dd56d8078126321d52ce,0.9,3,negative_control,preselected comparison,early_only,early only,41,0.0,0.001583151956653545,0.009752272611158113,0.9,0.0,5.031947480505964e-06,4.177528403142707e-05,0.9,0.9,0.8448,0.0004258064516129032,0,,,1984.0,1984,1.0,0.9970823009325191,0.0,-0.00023462205832841925,1.0,0.99999437310576,0.0,-4.412497365255491e-06,3.2656641331392886,0.3603194969843544,9.436544881600888,0.798901364772353,0.015949665385839,1.0417836165288463e-05,0.0,0.0,0.00023020956096316377,0.002912072173240854,0.0,0,0.0,1
exploratory_post_hoc_boundary_specific,dd9ba02f5497e29a2285,0.75,4,responsive,responsive boundary,delayed_critic_reset,delayed + critic reset,41,0.0,0.0016622411554046313,0.009425709974223739,0.75,0.1255,0.1254996892904694,4.8904787209352835e-06,0.7825,0.7825,225.5116,0.11366512096774192,0,,,1984.0,1984,1.0,0.9968144054079832,0.0,-0.0001621994008339349,0.8745,0.874487453623836,0.1255,-0.12547974785504648,7.41200683227094,0.8214973605070064,9.735963367241398,0.8289461161214775,0.03546550969001875,9.765874892764259e-06,0.1255,-0.12549999999999994,-0.12531754845421256,-0.12232695178414721,0.125,2,0.0005000000000000004,1
exploratory_post_hoc_boundary_specific,e1223cef49ba3b20b453,0.75,4,responsive,responsive boundary,delayed_actor_reset,delayed + actor-Adam reset,53,0.0,0.0006671996052446947,0.005154120923420611,0.75,0.2516,0.25159764022024983,2.5188528587289326e-05,0.8085,0.8085,438.9842,0.22126219758064516,0,,,1984.0,1984,1.0,0.9986572642895671,0.0,-9.780390162871847e-06,0.7484,0.7483935183353215,0.2516,-0.25158785361538283,8.057421667116117,0.8959075080532484,10.223447343420515,0.8669132095949422,0.03321064833481608,8.28539577923948e-06,0.2516,-0.25160000000000005,-0.25157807322521997,-0.2502637459542456,0.25,4,0.0015999999999999903,1
exploratory_post_hoc_boundary_specific,e2daa45dce65c85a04d5,0.9,3,negative_control,preselected comparison,delayed_carry,delayed,83,0.0,0.0001986959237856103,0.001770953937772488,0.9,0.0,3.5949434165230804e-07,4.03125024104438e-06,0.9,0.9,0.0,0.0,0,,,1984.0,1984,1.0,0.9996238122764631,0.0,-1.7686092950174667e-05,1.0,0.9999983946447832,0.0,6.11140533939582e-07,3.5965312250175487,0.3801736690879256,7.992743576968664,0.6669556723057594,0.009065049532714028,8.474695277982391e-06,0.0,0.0,1.829723348411425e-05,0.00037458236832010883,0.0,0,0.0,1
exploratory_post_hoc_boundary_specific,e599b5d331f8dbc2c70e,0.9,3,negative_control,preselected comparison,early_only,early only,71,0.0,0.001569770592325807,0.010206079110966871,0.9,0.2511,0.25106058497567335,0.0002507111108502835,0.92575,0.92575,400.45439999999996,0.20184193548387094,0,,,1984.0,1984,1.0,0.9969635269168646,0.0,-8.944412081806712e-05,0.7489,0.7489046068257295,0.2511,-0.25102691483538564,6.063496390584017,0.6818924169800076,8.184039329974299,0.6971536353654748,0.02150494911674563,4.5166275413066614e-06,0.2511,-0.2511,-0.25093747071456757,-0.24805892009113517,0.25,2,0.0010999999999999899,1
exploratory_post_hoc_boundary_specific,e67d8ef436da2c1a45d0,0.75,4,responsive,responsive boundary,zero_zero,never,23,0.0,0.0005758660790995173,0.004552368730100354,0.75,0.0,1.145465875431775e-06,1.4725518588895153e-05,0.75,0.75,0.0,0.0,0,,,1984.0,1984,1.0,0.998844289779401,0.0,-1.0919803415280449e-05,1.0,0.999997803601599,0.0,-8.263986954933444e-08,2.715336492232864,0.30167140596630193,11.655738059644884,0.9788166840895048,0.034936672757815077,4.885065573034808e-05,0.0,0.0,1.0837163545731114e-05,0.0011535138221979713,0.0,0,0.0,1
exploratory_post_hoc_boundary_specific,e9b4d7ff886f911decb0,0.9,3,negative_control,preselected comparison,delayed_critic_reset,delayed + critic reset,97,0.0,0.00034300923975291324,0.0028539338266070718,0.9,0.2535,0.25349523626519394,4.4276179766032275e-05,0.9275,0.9275,121.91040000000001,0.061446774193548395,0,,,1984.0,1984,1.0,0.9993266955796611,0.0,-1.4982702646024346e-05,0.7465,0.7464948060495892,0.2535,-0.2534807808332215,5.9675177716858,0.6428632405191483,8.346738666894373,0.7004185759096456,0.020594449882666555,1.7922873666975647e-05,0.2535,-0.25349999999999995,-0.25346579813057546,-0.25283188953007196,0.25,2,0.003500000000000003,1
exploratory_post_hoc_boundary_specific,f0753332e7d01cf052b2,0.9,3,negative_control,preselected comparison,delayed_actor_reset,delayed + actor-Adam reset,83,0.0,0.0001986959237856103,0.001770953937772488,0.9,0.2523,0.2522972146905895,2.6271538200171607e-05,0.92675,0.92675,307.37280000000004,0.1549258064516129,0,,,1984.0,1984,1.0,0.9996238122764631,0.0,-1.7686092950174667e-05,0.7477,0.7477019924466531,0.2523,-0.2522964264668042,6.409767739004963,0.6775486619964057,7.8457936633514995,0.6546934149859792,0.00920192291023015,4.021584118163446e-06,0.2523,-0.25229999999999997,-0.25227874037385406,-0.25192181982981,0.25,2,0.0023000000000000242,1
exploratory_post_hoc_boundary_specific,f08a058f168678cbfeed,0.75,4,responsive,responsive boundary,delayed_carry,delayed,11,0.0,0.0008682424465219949,0.006083336439974004,0.75,0.2488,0.24793024554649082,0.003956857600866559,0.81275,0.81275,433.88239999999996,0.2186907258064516,0,,,1984.0,1984,1.0,0.9982889228047243,0.0,-3.518661300103821e-05,0.7512,0.7520691040898296,0.2488,-0.24792956219976636,8.515863691543245,0.9543910535034521,11.087984218704985,0.9477401368341958,0.03392884566065157,4.0143229853129014e-05,0.2488,-0.24880000000000002,-0.24789437558676533,-0.24621981871489462,0.25,4,0.0012000000000000066,1
exploratory_post_hoc_boundary_specific,f0f0a4a734c752b87442,0.75,4,responsive,responsive boundary,delayed_carry,delayed,101,0.0,0.0013654159160628862,0.009220838572961593,0.75,0.2556,0.2555983056132229,1.7954924527906775e-05,0.81025,0.81025,469.1712,0.2364774193548387,0,,,1984.0,1984,1.0,0.9974221253683955,0.0,-0.00012944010975911912,0.7444,0.7444010022826898,0.2556,-0.2555976131106135,7.763861582885838,0.8641662273860122,9.800245157654924,0.8309719861834977,0.0208868863874466,7.464564532710938e-06,0.2556,-0.25560000000000005,-0.2554681730008544,-0.2530211230857057,0.25,4,0.005599999999999994,1
exploratory_post_hoc_boundary_specific,f15c3280dcee74614c30,0.75,4,responsive,responsive boundary,early_only,early only,23,0.0,0.016994490197859317,0.07587502497808585,0.75,0.0,8.258502205451522e-07,9.789704483912379e-06,0.75,0.75,1.6896,0.0008516129032258064,0,,,1984.0,1984,1.0,0.9660700172277302,0.0,-3.13861120165448e-05,1.0,0.999998422713539,0.0,-2.8192284778249197e-08,4.253564105465883,0.511015388332582,11.727143596290734,0.9853448183816936,0.03618257280180359,2.834030965459533e-05,0.0,0.0,3.135791973176655e-05,0.03392840548580878,0.0,0,0.0,1
exploratory_post_hoc_boundary_specific,f1c27769a8ac33c0bca4,0.75,4,responsive,responsive boundary,delayed_actor_reset,delayed + actor-Adam reset,101,0.0,0.0013654159160628862,0.009220838572961593,0.75,0.2531,0.25282745929558464,0.0014397531232257365,0.80925,0.80925,471.7676,0.23778608870967743,0,,,1984.0,1984,1.0,0.9974221253683955,0.0,-0.00012944010975911912,0.7469,0.7471331254300275,0.2531,-0.25279025799362365,9.630018986363734,1.0718811880219459,10.129530361679548,0.8588923877252337,0.018297324416861552,1.3213976671977434e-05,0.2531,-0.2531,-0.2526608178838645,-0.25028899993836795,0.25,4,0.0030999999999999917,1
exploratory_post_hoc_boundary_specific,f2e36a99ec36db38f506,0.9,3,negative_control,preselected comparison,delayed_carry,delayed,11,0.0,0.0004696653970298965,0.003696263002345033,0.9,0.0,1.7163927934952377e-08,2.747775550602969e-07,0.9,0.9,0.0,0.0,0,,,1984.0,1984,1.0,0.999073178308792,0.0,-1.0920504107329948e-05,1.0,0.999999914137296,0.0,5.791224512736357e-08,4.132692645031751,0.4535178682872359,7.47632894910847,0.6354007013662876,0.00916649247278094,5.172596502234228e-06,0.0,0.0,1.0978416352457311e-05,0.0009267358285039995,0.0,0,0.0,1
exploratory_post_hoc_boundary_specific,f41b3f22a8128facf091,0.9,3,negative_control,preselected comparison,delayed_critic_reset,delayed + critic reset,71,0.0,0.0004145463505733511,0.003302375800652799,0.9,0.2511,0.25108753386944077,0.0001006418265678136,0.92575,0.92575,401.76,0.20249999999999999,0,,,1984.0,1984,1.0,0.9992233249193294,0.0,-4.323218726775541e-05,0.7489,0.7489120801017145,0.2511,-0.2510871378580864,5.671981669736366,0.6220919832995421,7.499594028337907,0.6387910050883536,0.01904004775026444,8.026210707612336e-06,0.2511,-0.2511,-0.25104390567081863,-0.2503112448176149,0.25,2,0.0010999999999999899,1
exploratory_post_hoc_boundary_specific,f7fbdd1112011b6e1187,0.9,3,negative_control,preselected comparison,zero_zero,never,11,0.0,0.0004696653970298965,0.003696263002345033,0.9,0.0,2.968972825388958e-07,4.119012995000542e-06,0.9,0.9,0.0,0.0,0,,,1984.0,1984,1.0,0.999073178308792,0.0,-1.0920504107329948e-05,1.0,0.9999994780493122,0.0,-6.742371040708981e-08,3.033519728279295,0.3328956490946428,7.46804277583031,0.6346964733489779,0.009182660184155204,7.753716090519447e-06,0.0,0.0,1.0853080396922858e-05,0.0009262997405201645,0.0,0,0.0,1
exploratory_post_hoc_boundary_specific,fcee5876d1be97857d7c,0.75,4,responsive,responsive boundary,early_only,early only,67,0.0002,0.031655600845981784,0.1122611420579474,0.75,0.0,2.347351948808711e-06,1.672672820623315e-05,0.75,0.75,0.0001,5.040322580645161e-08,0,,,1984.0,1984,0.9998,0.9381796673888674,0.0002,-0.0013074609284480817,1.0,0.9999918618850606,0.0,2.5625791293840738e-06,5.577195006602636,0.6712820891780465,11.8860423842149,1.0033558913017153,0.04423924642266596,1.3063235201116186e-05,-0.0002,0.00019999999999997797,0.0013100235075774657,0.06181219449619324,0.0,0,0.0,1
