inference_status,diagnostic_status,q,k,schedule,seed,codeword,codeword_index,rows,intended_sign,proxy_sign,intended_follow_rate,proxy_follow_rate,tie_rate,routing_class
exploratory_post_hoc_boundary_specific,fixed_post_hoc_retraining_replay,0.75,4,delayed_carry,11,-1 -1 -1 -1,0,634,1,-1,0.0,1.0,0.0,proxy_on_all_rows
exploratory_post_hoc_boundary_specific,fixed_post_hoc_retraining_replay,0.75,4,delayed_carry,11,-1 -1 -1 +1,8,583,-1,1,0.0,1.0,0.0,proxy_on_all_rows
exploratory_post_hoc_boundary_specific,fixed_post_hoc_retraining_replay,0.75,4,delayed_carry,11,-1 -1 +1 -1,4,605,-1,1,0.0,1.0,0.0,proxy_on_all_rows
exploratory_post_hoc_boundary_specific,fixed_post_hoc_retraining_replay,0.75,4,delayed_carry,11,-1 -1 +1 +1,12,604,1,-1,1.0,0.0,0.0,intended_on_all_rows
exploratory_post_hoc_boundary_specific,fixed_post_hoc_retraining_replay,0.75,4,delayed_carry,11,-1 +1 -1 -1,2,641,-1,1,0.0,1.0,0.0,proxy_on_all_rows
exploratory_post_hoc_boundary_specific,fixed_post_hoc_retraining_replay,0.75,4,delayed_carry,11,-1 +1 -1 +1,10,637,1,-1,1.0,0.0,0.0,intended_on_all_rows
exploratory_post_hoc_boundary_specific,fixed_post_hoc_retraining_replay,0.75,4,delayed_carry,11,-1 +1 +1 -1,6,608,1,-1,0.0,1.0,0.0,proxy_on_all_rows
exploratory_post_hoc_boundary_specific,fixed_post_hoc_retraining_replay,0.75,4,delayed_carry,11,-1 +1 +1 +1,14,666,-1,1,0.0,1.0,0.0,proxy_on_all_rows
exploratory_post_hoc_boundary_specific,fixed_post_hoc_retraining_replay,0.75,4,delayed_carry,11,+1 -1 -1 -1,1,639,-1,1,0.0,1.0,0.0,proxy_on_all_rows
exploratory_post_hoc_boundary_specific,fixed_post_hoc_retraining_replay,0.75,4,delayed_carry,11,+1 -1 -1 +1,9,615,1,-1,0.9934959349593496,0.0065040650406504065,0.0,mostly_intended
exploratory_post_hoc_boundary_specific,fixed_post_hoc_retraining_replay,0.75,4,delayed_carry,11,+1 -1 +1 -1,5,621,1,-1,0.0,1.0,0.0,proxy_on_all_rows
exploratory_post_hoc_boundary_specific,fixed_post_hoc_retraining_replay,0.75,4,delayed_carry,11,+1 -1 +1 +1,13,634,-1,1,0.0,1.0,0.0,proxy_on_all_rows
exploratory_post_hoc_boundary_specific,fixed_post_hoc_retraining_replay,0.75,4,delayed_carry,11,+1 +1 -1 -1,3,623,1,-1,0.0,1.0,0.0,proxy_on_all_rows
exploratory_post_hoc_boundary_specific,fixed_post_hoc_retraining_replay,0.75,4,delayed_carry,11,+1 +1 -1 +1,11,596,-1,1,0.0,1.0,0.0,proxy_on_all_rows
exploratory_post_hoc_boundary_specific,fixed_post_hoc_retraining_replay,0.75,4,delayed_carry,11,+1 +1 +1 -1,7,636,-1,1,1.0,0.0,0.0,intended_on_all_rows
exploratory_post_hoc_boundary_specific,fixed_post_hoc_retraining_replay,0.75,4,delayed_carry,11,+1 +1 +1 +1,15,658,1,-1,0.0,1.0,0.0,proxy_on_all_rows
exploratory_post_hoc_boundary_specific,fixed_post_hoc_retraining_replay,0.75,4,delayed_carry,37,-1 -1 -1 -1,0,621,1,-1,0.0,1.0,0.0,proxy_on_all_rows
exploratory_post_hoc_boundary_specific,fixed_post_hoc_retraining_replay,0.75,4,delayed_carry,37,-1 -1 -1 +1,8,627,-1,1,0.0,1.0,0.0,proxy_on_all_rows
exploratory_post_hoc_boundary_specific,fixed_post_hoc_retraining_replay,0.75,4,delayed_carry,37,-1 -1 +1 -1,4,659,-1,1,0.0,1.0,0.0,proxy_on_all_rows
exploratory_post_hoc_boundary_specific,fixed_post_hoc_retraining_replay,0.75,4,delayed_carry,37,-1 -1 +1 +1,12,645,1,-1,0.0,1.0,0.0,proxy_on_all_rows
exploratory_post_hoc_boundary_specific,fixed_post_hoc_retraining_replay,0.75,4,delayed_carry,37,-1 +1 -1 -1,2,645,-1,1,0.0,1.0,0.0,proxy_on_all_rows
exploratory_post_hoc_boundary_specific,fixed_post_hoc_retraining_replay,0.75,4,delayed_carry,37,-1 +1 -1 +1,10,639,1,-1,0.0,1.0,0.0,proxy_on_all_rows
exploratory_post_hoc_boundary_specific,fixed_post_hoc_retraining_replay,0.75,4,delayed_carry,37,-1 +1 +1 -1,6,612,1,-1,0.0,1.0,0.0,proxy_on_all_rows
exploratory_post_hoc_boundary_specific,fixed_post_hoc_retraining_replay,0.75,4,delayed_carry,37,-1 +1 +1 +1,14,615,-1,1,0.0,1.0,0.0,proxy_on_all_rows
exploratory_post_hoc_boundary_specific,fixed_post_hoc_retraining_replay,0.75,4,delayed_carry,37,+1 -1 -1 -1,1,642,-1,1,0.0,1.0,0.0,proxy_on_all_rows
exploratory_post_hoc_boundary_specific,fixed_post_hoc_retraining_replay,0.75,4,delayed_carry,37,+1 -1 -1 +1,9,639,1,-1,0.0,1.0,0.0,proxy_on_all_rows
exploratory_post_hoc_boundary_specific,fixed_post_hoc_retraining_replay,0.75,4,delayed_carry,37,+1 -1 +1 -1,5,633,1,-1,0.0,1.0,0.0,proxy_on_all_rows
exploratory_post_hoc_boundary_specific,fixed_post_hoc_retraining_replay,0.75,4,delayed_carry,37,+1 -1 +1 +1,13,618,-1,1,0.0,1.0,0.0,proxy_on_all_rows
exploratory_post_hoc_boundary_specific,fixed_post_hoc_retraining_replay,0.75,4,delayed_carry,37,+1 +1 -1 -1,3,598,1,-1,0.0,1.0,0.0,proxy_on_all_rows
exploratory_post_hoc_boundary_specific,fixed_post_hoc_retraining_replay,0.75,4,delayed_carry,37,+1 +1 -1 +1,11,573,-1,1,0.0,1.0,0.0,proxy_on_all_rows
exploratory_post_hoc_boundary_specific,fixed_post_hoc_retraining_replay,0.75,4,delayed_carry,37,+1 +1 +1 -1,7,621,-1,1,0.0,1.0,0.0,proxy_on_all_rows
exploratory_post_hoc_boundary_specific,fixed_post_hoc_retraining_replay,0.75,4,delayed_carry,37,+1 +1 +1 +1,15,613,1,-1,1.0,0.0,0.0,intended_on_all_rows
exploratory_post_hoc_boundary_specific,fixed_post_hoc_retraining_replay,0.75,4,high_high,71,-1 -1 -1 -1,0,621,1,-1,1.0,0.0,0.0,intended_on_all_rows
exploratory_post_hoc_boundary_specific,fixed_post_hoc_retraining_replay,0.75,4,high_high,71,-1 -1 -1 +1,8,578,-1,1,1.0,0.0,0.0,intended_on_all_rows
exploratory_post_hoc_boundary_specific,fixed_post_hoc_retraining_replay,0.75,4,high_high,71,-1 -1 +1 -1,4,627,-1,1,1.0,0.0,0.0,intended_on_all_rows
exploratory_post_hoc_boundary_specific,fixed_post_hoc_retraining_replay,0.75,4,high_high,71,-1 -1 +1 +1,12,631,1,-1,1.0,0.0,0.0,intended_on_all_rows
exploratory_post_hoc_boundary_specific,fixed_post_hoc_retraining_replay,0.75,4,high_high,71,-1 +1 -1 -1,2,594,-1,1,1.0,0.0,0.0,intended_on_all_rows
exploratory_post_hoc_boundary_specific,fixed_post_hoc_retraining_replay,0.75,4,high_high,71,-1 +1 -1 +1,10,661,1,-1,1.0,0.0,0.0,intended_on_all_rows
exploratory_post_hoc_boundary_specific,fixed_post_hoc_retraining_replay,0.75,4,high_high,71,-1 +1 +1 -1,6,614,1,-1,1.0,0.0,0.0,intended_on_all_rows
exploratory_post_hoc_boundary_specific,fixed_post_hoc_retraining_replay,0.75,4,high_high,71,-1 +1 +1 +1,14,674,-1,1,1.0,0.0,0.0,intended_on_all_rows
exploratory_post_hoc_boundary_specific,fixed_post_hoc_retraining_replay,0.75,4,high_high,71,+1 -1 -1 -1,1,665,-1,1,1.0,0.0,0.0,intended_on_all_rows
exploratory_post_hoc_boundary_specific,fixed_post_hoc_retraining_replay,0.75,4,high_high,71,+1 -1 -1 +1,9,626,1,-1,1.0,0.0,0.0,intended_on_all_rows
exploratory_post_hoc_boundary_specific,fixed_post_hoc_retraining_replay,0.75,4,high_high,71,+1 -1 +1 -1,5,620,1,-1,1.0,0.0,0.0,intended_on_all_rows
exploratory_post_hoc_boundary_specific,fixed_post_hoc_retraining_replay,0.75,4,high_high,71,+1 -1 +1 +1,13,611,-1,1,1.0,0.0,0.0,intended_on_all_rows
exploratory_post_hoc_boundary_specific,fixed_post_hoc_retraining_replay,0.75,4,high_high,71,+1 +1 -1 -1,3,621,1,-1,1.0,0.0,0.0,intended_on_all_rows
exploratory_post_hoc_boundary_specific,fixed_post_hoc_retraining_replay,0.75,4,high_high,71,+1 +1 -1 +1,11,616,-1,1,1.0,0.0,0.0,intended_on_all_rows
exploratory_post_hoc_boundary_specific,fixed_post_hoc_retraining_replay,0.75,4,high_high,71,+1 +1 +1 -1,7,635,-1,1,1.0,0.0,0.0,intended_on_all_rows
exploratory_post_hoc_boundary_specific,fixed_post_hoc_retraining_replay,0.75,4,high_high,71,+1 +1 +1 +1,15,606,1,-1,1.0,0.0,0.0,intended_on_all_rows
exploratory_post_hoc_boundary_specific,fixed_post_hoc_retraining_replay,0.9,3,delayed_carry,23,-1 -1 -1,0,1224,-1,1,0.0,1.0,0.0,proxy_on_all_rows
exploratory_post_hoc_boundary_specific,fixed_post_hoc_retraining_replay,0.9,3,delayed_carry,23,-1 -1 +1,4,1229,1,-1,0.0,1.0,0.0,proxy_on_all_rows
exploratory_post_hoc_boundary_specific,fixed_post_hoc_retraining_replay,0.9,3,delayed_carry,23,-1 +1 -1,2,1246,1,-1,0.0,1.0,0.0,proxy_on_all_rows
exploratory_post_hoc_boundary_specific,fixed_post_hoc_retraining_replay,0.9,3,delayed_carry,23,-1 +1 +1,6,1237,-1,1,1.0,0.0,0.0,intended_on_all_rows
exploratory_post_hoc_boundary_specific,fixed_post_hoc_retraining_replay,0.9,3,delayed_carry,23,+1 -1 -1,1,1253,1,-1,1.0,0.0,0.0,intended_on_all_rows
exploratory_post_hoc_boundary_specific,fixed_post_hoc_retraining_replay,0.9,3,delayed_carry,23,+1 -1 +1,5,1276,-1,1,0.0,1.0,0.0,proxy_on_all_rows
exploratory_post_hoc_boundary_specific,fixed_post_hoc_retraining_replay,0.9,3,delayed_carry,23,+1 +1 -1,3,1263,-1,1,0.0,1.0,0.0,proxy_on_all_rows
exploratory_post_hoc_boundary_specific,fixed_post_hoc_retraining_replay,0.9,3,delayed_carry,23,+1 +1 +1,7,1272,1,-1,0.0,1.0,0.0,proxy_on_all_rows
