inference_status,cohort,goal,stage,n_runs,events,run_event_fraction,median_observed_step,event_fraction_estimate,event_fraction_ci_low,event_fraction_ci_high,event_fraction_n_seeds,restricted_step_estimate,restricted_step_ci_low,restricted_step_ci_high,restricted_step_n_seeds
adaptive_exploratory_posthoc_with_fresh_seed_replication,original,P,solo,120,120,1.0,3.0,1.0,1.0,1.0,10,3.3,2.5,4.1,10
adaptive_exploratory_posthoc_with_fresh_seed_replication,original,P,probe_generic,120,120,1.0,0.0,1.0,1.0,1.0,10,0.0,0.0,0.0,10
adaptive_exploratory_posthoc_with_fresh_seed_replication,original,P,probe_selective,120,120,1.0,0.0,1.0,1.0,1.0,10,0.0,0.0,0.0,10
adaptive_exploratory_posthoc_with_fresh_seed_replication,original,P,causal,120,120,1.0,8.0,1.0,1.0,1.0,10,8.341666666666667,6.524791666666667,10.15,10
adaptive_exploratory_posthoc_with_fresh_seed_replication,original,P,behavior,120,120,1.0,8.0,1.0,1.0,1.0,10,8.516666666666667,6.733333333333334,10.383333333333333,10
adaptive_exploratory_posthoc_with_fresh_seed_replication,original,P,pure,120,120,1.0,8.0,1.0,1.0,1.0,10,8.525,6.775,10.4,10
adaptive_exploratory_posthoc_with_fresh_seed_replication,original,Q,solo,120,120,1.0,6.0,1.0,1.0,1.0,10,5.566666666666667,3.866666666666667,7.2666666666666675,10
adaptive_exploratory_posthoc_with_fresh_seed_replication,original,Q,probe_generic,120,100,0.8333333333333334,45.0,0.8333333333333334,0.8333333333333334,0.8333333333333334,10,1401.9583333333333,1398.3416666666667,1405.35,10
adaptive_exploratory_posthoc_with_fresh_seed_replication,original,Q,probe_selective,120,101,0.8416666666666667,33,0.8416666666666666,0.8333333333333334,0.8583333333333334,10,1328.3,1189.2572916666668,1400.5835416666669,10
adaptive_exploratory_posthoc_with_fresh_seed_replication,original,Q,causal,120,80,0.6666666666666666,85.0,0.6666666666666667,0.6666666666666667,0.6666666666666667,10,2789.8333333333335,2786.8499999999995,2792.2833333333333,10
adaptive_exploratory_posthoc_with_fresh_seed_replication,original,Q,behavior,120,79,0.6583333333333333,85,0.6583333333333334,0.6416666666666666,0.6666666666666667,10,2857.3916666666673,2787.1916666666666,2994.3833333333337,10
adaptive_exploratory_posthoc_with_fresh_seed_replication,original,Q,pure,120,79,0.6583333333333333,85,0.6583333333333334,0.6416666666666666,0.6666666666666667,10,2857.3916666666673,2787.1916666666666,2994.0000000000005,10
adaptive_exploratory_posthoc_with_fresh_seed_replication,original,Y,solo,120,120,1.0,28.5,1.0,1.0,1.0,10,26.25,24.5,27.75,10
adaptive_exploratory_posthoc_with_fresh_seed_replication,original,Y,probe_generic,120,99,0.825,575,0.825,0.8083333333333332,0.8333333333333334,10,1958.5666666666668,1850.8495833333332,2094.936041666667,10
adaptive_exploratory_posthoc_with_fresh_seed_replication,original,Y,probe_selective,120,100,0.8333333333333334,418.0,0.8333333333333334,0.8333333333333334,0.8333333333333334,10,1859.0416666666665,1805.1312500000004,1917.580625,10
adaptive_exploratory_posthoc_with_fresh_seed_replication,original,Y,causal,120,76,0.6333333333333333,575.0,0.6333333333333333,0.5916666666666666,0.6833333333333333,10,3789.1833333333334,3535.316041666667,4052.3643749999997,10
adaptive_exploratory_posthoc_with_fresh_seed_replication,original,Y,behavior,120,76,0.6333333333333333,575.0,0.6333333333333333,0.5833333333333333,0.6833333333333333,10,3787.875,3529.6829166666666,4051.3870833333335,10
adaptive_exploratory_posthoc_with_fresh_seed_replication,original,Y,pure,120,76,0.6333333333333333,575.0,0.6333333333333333,0.5833333333333334,0.6833333333333333,10,3789.1833333333334,3528.697708333333,4049.7885416666672,10
adaptive_exploratory_posthoc_with_fresh_seed_replication,fresh,P,solo,120,120,1.0,3.0,1.0,1.0,1.0,10,3.2,2.2,4.3,10
adaptive_exploratory_posthoc_with_fresh_seed_replication,fresh,P,probe_generic,120,120,1.0,0.0,1.0,1.0,1.0,10,0.5416666666666667,0.0,1.4000000000000001,10
adaptive_exploratory_posthoc_with_fresh_seed_replication,fresh,P,probe_selective,120,120,1.0,0.0,1.0,1.0,1.0,10,0.0,0.0,0.0,10
adaptive_exploratory_posthoc_with_fresh_seed_replication,fresh,P,causal,120,120,1.0,7.0,1.0,1.0,1.0,10,7.5666666666666655,6.166666666666666,9.066666666666666,10
adaptive_exploratory_posthoc_with_fresh_seed_replication,fresh,P,behavior,120,120,1.0,7.0,1.0,1.0,1.0,10,7.575,6.158333333333333,9.117083333333335,10
adaptive_exploratory_posthoc_with_fresh_seed_replication,fresh,P,pure,120,120,1.0,7.0,1.0,1.0,1.0,10,7.6,6.249583333333334,9.183333333333334,10
adaptive_exploratory_posthoc_with_fresh_seed_replication,fresh,Q,solo,120,120,1.0,5.0,1.0,1.0,1.0,10,6.316666666666667,4.5166666666666675,8.333750000000002,10
adaptive_exploratory_posthoc_with_fresh_seed_replication,fresh,Q,probe_generic,120,100,0.8333333333333334,45.0,0.8333333333333334,0.8333333333333334,0.8333333333333334,10,1403.2416666666666,1399.225,1407.4170833333333,10
adaptive_exploratory_posthoc_with_fresh_seed_replication,fresh,Q,probe_selective,120,100,0.8333333333333334,33.0,0.8333333333333334,0.8333333333333334,0.8333333333333334,10,1397.7666666666667,1394.0577083333335,1401.45,10
adaptive_exploratory_posthoc_with_fresh_seed_replication,fresh,Q,causal,120,79,0.6583333333333333,85,0.6583333333333334,0.6416666666666666,0.6666666666666667,10,2858.166666666667,2787.4666666666667,2993.166666666667,10
adaptive_exploratory_posthoc_with_fresh_seed_replication,fresh,Q,behavior,120,79,0.6583333333333333,85,0.6583333333333334,0.6416666666666666,0.6666666666666667,10,2858.166666666667,2787.4666666666667,2994.3666666666663,10
adaptive_exploratory_posthoc_with_fresh_seed_replication,fresh,Q,pure,120,79,0.6583333333333333,85,0.6583333333333334,0.6416666666666666,0.6666666666666667,10,2858.166666666667,2787.4666666666667,2994.3999999999996,10
adaptive_exploratory_posthoc_with_fresh_seed_replication,fresh,Y,solo,120,120,1.0,24.0,1.0,1.0,1.0,10,28.6,24.8,32.4,10
adaptive_exploratory_posthoc_with_fresh_seed_replication,fresh,Y,probe_generic,120,98,0.8166666666666667,418.0,0.8166666666666668,0.7916666666666667,0.8333333333333334,10,2075.3833333333337,1865.8783333333336,2338.6931250000002,10
adaptive_exploratory_posthoc_with_fresh_seed_replication,fresh,Y,probe_selective,120,99,0.825,418,0.825,0.8083333333333332,0.8333333333333334,10,1925.3333333333333,1788.3366666666666,2100.2641666666664,10
adaptive_exploratory_posthoc_with_fresh_seed_replication,fresh,Y,causal,120,77,0.6416666666666667,418,0.6416666666666666,0.5833333333333334,0.7,10,3677.7249999999995,3347.4239583333333,4021.3393749999996,10
adaptive_exploratory_posthoc_with_fresh_seed_replication,fresh,Y,behavior,120,77,0.6416666666666667,418,0.6416666666666666,0.5833333333333333,0.7,10,3663.408333333333,3321.352708333334,3998.2343750000005,10
adaptive_exploratory_posthoc_with_fresh_seed_replication,fresh,Y,pure,120,77,0.6416666666666667,418,0.6416666666666666,0.5833333333333333,0.7,10,3682.3666666666663,3347.9227083333335,4025.561666666666,10
adaptive_exploratory_posthoc_with_fresh_seed_replication,pooled,P,solo,240,240,1.0,3.0,1.0,1.0,1.0,20,3.25,2.6,3.95,20
adaptive_exploratory_posthoc_with_fresh_seed_replication,pooled,P,probe_generic,240,240,1.0,0.0,1.0,1.0,1.0,20,0.27083333333333337,0.0,0.7333333333333334,20
adaptive_exploratory_posthoc_with_fresh_seed_replication,pooled,P,probe_selective,240,240,1.0,0.0,1.0,1.0,1.0,20,0.0,0.0,0.0,20
adaptive_exploratory_posthoc_with_fresh_seed_replication,pooled,P,causal,240,240,1.0,7.0,1.0,1.0,1.0,20,7.9541666666666675,6.770833333333334,9.1709375,20
adaptive_exploratory_posthoc_with_fresh_seed_replication,pooled,P,behavior,240,240,1.0,7.0,1.0,1.0,1.0,20,8.045833333333333,6.8375,9.28354166666667,20
adaptive_exploratory_posthoc_with_fresh_seed_replication,pooled,P,pure,240,240,1.0,7.0,1.0,1.0,1.0,20,8.062499999999998,6.904062499999999,9.275208333333335,20
adaptive_exploratory_posthoc_with_fresh_seed_replication,pooled,Q,solo,240,240,1.0,5.0,1.0,1.0,1.0,20,5.941666666666666,4.683333333333334,7.266666666666666,20
adaptive_exploratory_posthoc_with_fresh_seed_replication,pooled,Q,probe_generic,240,200,0.8333333333333334,45.0,0.8333333333333334,0.8333333333333334,0.8333333333333334,20,1402.6,1399.9,1405.3501041666666,20
adaptive_exploratory_posthoc_with_fresh_seed_replication,pooled,Q,probe_selective,240,201,0.8375,33,0.8375000000000001,0.8333333333333334,0.8458333333333334,20,1363.033333333333,1292.7374999999997,1399.4499999999998,20
adaptive_exploratory_posthoc_with_fresh_seed_replication,pooled,Q,causal,240,159,0.6625,85,0.6624999999999999,0.6541666666666666,0.6666666666666665,20,2823.9999999999995,2788.5157291666665,2892.579479166666,20
adaptive_exploratory_posthoc_with_fresh_seed_replication,pooled,Q,behavior,240,158,0.6583333333333333,85.0,0.6583333333333332,0.6458333333333333,0.6666666666666665,20,2857.7791666666662,2789.204166666666,2958.771875,20
adaptive_exploratory_posthoc_with_fresh_seed_replication,pooled,Q,pure,240,158,0.6583333333333333,85.0,0.6583333333333332,0.6458333333333333,0.6666666666666665,20,2857.7791666666662,2789.2457291666665,2959.045833333333,20
adaptive_exploratory_posthoc_with_fresh_seed_replication,pooled,Y,solo,240,240,1.0,24.0,1.0,1.0,1.0,20,27.425,25.275,29.7,20
adaptive_exploratory_posthoc_with_fresh_seed_replication,pooled,Y,probe_generic,240,197,0.8208333333333333,418,0.8208333333333334,0.8083333333333333,0.8333333333333334,20,2016.975,1897.4001041666668,2159.5553124999997,20
adaptive_exploratory_posthoc_with_fresh_seed_replication,pooled,Y,probe_selective,240,199,0.8291666666666667,418,0.8291666666666668,0.8208333333333334,0.8333333333333334,20,1892.1875000000005,1815.4545833333334,1987.7324999999996,20
adaptive_exploratory_posthoc_with_fresh_seed_replication,pooled,Y,causal,240,153,0.6375,575,0.6375,0.6,0.675,20,3733.4541666666673,3521.6196875,3948.2068750000003,20
adaptive_exploratory_posthoc_with_fresh_seed_replication,pooled,Y,behavior,240,153,0.6375,575,0.6375,0.6,0.6749999999999999,20,3725.6416666666673,3512.537604166667,3946.854479166666,20
adaptive_exploratory_posthoc_with_fresh_seed_replication,pooled,Y,pure,240,153,0.6375,575,0.6375,0.6,0.675,20,3735.7750000000005,3523.0664583333332,3948.2919791666664,20
