seed,trajectory,phase_b_batch_digest,phase_b_sampler_digest,probe_train_digest,probe_eval_digest,reconstruction_passed
157,nested_reset,a2c457201476c09e3fd5048f4d9d23e4ff3ac42fced160939c61c971d6db27f2,23a612d3c15e91eff40440c7f614f6d4410aff4318bad86c8188c9be8faca4a7,2806437cac75b1a25b3406f66669351b20cce84e5bed04d42aa82bdcb7b4fc42,39b2f011e2a480c62eaae68c38a9ccd26b65125a23f65c02e0b6ef932e7af8db,True
157,independent_reset,a2c457201476c09e3fd5048f4d9d23e4ff3ac42fced160939c61c971d6db27f2,23a612d3c15e91eff40440c7f614f6d4410aff4318bad86c8188c9be8faca4a7,2806437cac75b1a25b3406f66669351b20cce84e5bed04d42aa82bdcb7b4fc42,39b2f011e2a480c62eaae68c38a9ccd26b65125a23f65c02e0b6ef932e7af8db,True
157,sham,a2c457201476c09e3fd5048f4d9d23e4ff3ac42fced160939c61c971d6db27f2,23a612d3c15e91eff40440c7f614f6d4410aff4318bad86c8188c9be8faca4a7,2806437cac75b1a25b3406f66669351b20cce84e5bed04d42aa82bdcb7b4fc42,39b2f011e2a480c62eaae68c38a9ccd26b65125a23f65c02e0b6ef932e7af8db,True
157,nested_carry,a2c457201476c09e3fd5048f4d9d23e4ff3ac42fced160939c61c971d6db27f2,23a612d3c15e91eff40440c7f614f6d4410aff4318bad86c8188c9be8faca4a7,2806437cac75b1a25b3406f66669351b20cce84e5bed04d42aa82bdcb7b4fc42,39b2f011e2a480c62eaae68c38a9ccd26b65125a23f65c02e0b6ef932e7af8db,True
157,independent_carry,a2c457201476c09e3fd5048f4d9d23e4ff3ac42fced160939c61c971d6db27f2,23a612d3c15e91eff40440c7f614f6d4410aff4318bad86c8188c9be8faca4a7,2806437cac75b1a25b3406f66669351b20cce84e5bed04d42aa82bdcb7b4fc42,39b2f011e2a480c62eaae68c38a9ccd26b65125a23f65c02e0b6ef932e7af8db,True
157,scratch,a2c457201476c09e3fd5048f4d9d23e4ff3ac42fced160939c61c971d6db27f2,23a612d3c15e91eff40440c7f614f6d4410aff4318bad86c8188c9be8faca4a7,2806437cac75b1a25b3406f66669351b20cce84e5bed04d42aa82bdcb7b4fc42,39b2f011e2a480c62eaae68c38a9ccd26b65125a23f65c02e0b6ef932e7af8db,True
163,independent_carry,39d6b44bda2d47d99ffffa09293557f00466e781bacefbaa1fcfe8193b3c7000,50f9893067fb60031a891eb5127f28c35857cab17e47aba619b4ca58eb28fa87,9643c0966ef87f5f4da677544d3d539651847587fac56da0b3a6537d63c0fe1c,23b37b5ebdeef753c93f06d45797271e67c4864e4cbb045a99225527c2124ecd,True
163,nested_reset,39d6b44bda2d47d99ffffa09293557f00466e781bacefbaa1fcfe8193b3c7000,50f9893067fb60031a891eb5127f28c35857cab17e47aba619b4ca58eb28fa87,9643c0966ef87f5f4da677544d3d539651847587fac56da0b3a6537d63c0fe1c,23b37b5ebdeef753c93f06d45797271e67c4864e4cbb045a99225527c2124ecd,True
163,independent_reset,39d6b44bda2d47d99ffffa09293557f00466e781bacefbaa1fcfe8193b3c7000,50f9893067fb60031a891eb5127f28c35857cab17e47aba619b4ca58eb28fa87,9643c0966ef87f5f4da677544d3d539651847587fac56da0b3a6537d63c0fe1c,23b37b5ebdeef753c93f06d45797271e67c4864e4cbb045a99225527c2124ecd,True
163,sham,39d6b44bda2d47d99ffffa09293557f00466e781bacefbaa1fcfe8193b3c7000,50f9893067fb60031a891eb5127f28c35857cab17e47aba619b4ca58eb28fa87,9643c0966ef87f5f4da677544d3d539651847587fac56da0b3a6537d63c0fe1c,23b37b5ebdeef753c93f06d45797271e67c4864e4cbb045a99225527c2124ecd,True
163,scratch,39d6b44bda2d47d99ffffa09293557f00466e781bacefbaa1fcfe8193b3c7000,50f9893067fb60031a891eb5127f28c35857cab17e47aba619b4ca58eb28fa87,9643c0966ef87f5f4da677544d3d539651847587fac56da0b3a6537d63c0fe1c,23b37b5ebdeef753c93f06d45797271e67c4864e4cbb045a99225527c2124ecd,True
163,nested_carry,39d6b44bda2d47d99ffffa09293557f00466e781bacefbaa1fcfe8193b3c7000,50f9893067fb60031a891eb5127f28c35857cab17e47aba619b4ca58eb28fa87,9643c0966ef87f5f4da677544d3d539651847587fac56da0b3a6537d63c0fe1c,23b37b5ebdeef753c93f06d45797271e67c4864e4cbb045a99225527c2124ecd,True
167,independent_carry,b94e9ace80ee4a8f024718c80de188d0502d73e1448646d5fa79e7d10f1a3ada,d7e489f81a8b9bccd26c1d6d452e1077b883dc247fa283c53fbb35f17864a942,37c0db02e0ebcd74bf1ab88e33473749424086a70fe24910555f113b6e8800c3,0b5733ea5d898840026804251e9786475c12c40b2283bf93bea62d8cf393f147,True
167,sham,b94e9ace80ee4a8f024718c80de188d0502d73e1448646d5fa79e7d10f1a3ada,d7e489f81a8b9bccd26c1d6d452e1077b883dc247fa283c53fbb35f17864a942,37c0db02e0ebcd74bf1ab88e33473749424086a70fe24910555f113b6e8800c3,0b5733ea5d898840026804251e9786475c12c40b2283bf93bea62d8cf393f147,True
167,nested_carry,b94e9ace80ee4a8f024718c80de188d0502d73e1448646d5fa79e7d10f1a3ada,d7e489f81a8b9bccd26c1d6d452e1077b883dc247fa283c53fbb35f17864a942,37c0db02e0ebcd74bf1ab88e33473749424086a70fe24910555f113b6e8800c3,0b5733ea5d898840026804251e9786475c12c40b2283bf93bea62d8cf393f147,True
167,nested_reset,b94e9ace80ee4a8f024718c80de188d0502d73e1448646d5fa79e7d10f1a3ada,d7e489f81a8b9bccd26c1d6d452e1077b883dc247fa283c53fbb35f17864a942,37c0db02e0ebcd74bf1ab88e33473749424086a70fe24910555f113b6e8800c3,0b5733ea5d898840026804251e9786475c12c40b2283bf93bea62d8cf393f147,True
167,independent_reset,b94e9ace80ee4a8f024718c80de188d0502d73e1448646d5fa79e7d10f1a3ada,d7e489f81a8b9bccd26c1d6d452e1077b883dc247fa283c53fbb35f17864a942,37c0db02e0ebcd74bf1ab88e33473749424086a70fe24910555f113b6e8800c3,0b5733ea5d898840026804251e9786475c12c40b2283bf93bea62d8cf393f147,True
167,scratch,b94e9ace80ee4a8f024718c80de188d0502d73e1448646d5fa79e7d10f1a3ada,d7e489f81a8b9bccd26c1d6d452e1077b883dc247fa283c53fbb35f17864a942,37c0db02e0ebcd74bf1ab88e33473749424086a70fe24910555f113b6e8800c3,0b5733ea5d898840026804251e9786475c12c40b2283bf93bea62d8cf393f147,True
