seed,washout_offset,hamming_dispersion,signed_recency_margin,probability_dispersion,candidate_control_vector_dispersion,P_last_minus_first_margin,Q_last_minus_first_margin,Y_last_minus_first_margin
577,0,0.4,1.0,0.39991097034301204,0.2666666666666667,1.0,1.0,1.0
577,1,0.4,1.0,0.3997144528616905,0.2666666666666667,1.0,1.0,1.0
577,2,0.4,1.0,0.3995989223965334,0.2666666666666667,1.0,1.0,1.0
577,3,0.4,1.0,0.39946084747993876,0.2666666666666667,1.0,1.0,1.0
577,4,0.4,1.0,0.3993044089259007,0.2666666666666667,1.0,1.0,1.0
577,5,0.4,1.0,0.3991367508203366,0.2666666666666667,1.0,1.0,1.0
577,7,0.4,1.0,0.39875692467782936,0.2666666666666667,1.0,1.0,1.0
577,9,0.4,1.0,0.3983169602330458,0.2666666666666667,1.0,1.0,1.0
577,13,0.4,1.0,0.39732297261032057,0.2666666666666667,1.0,1.0,1.0
577,17,0.4,1.0,0.3962395846504172,0.2666666666666667,1.0,1.0,1.0
577,24,0.396875,0.9895833333333334,0.394299971006005,0.2663194444444445,0.984375,1.0,0.984375
577,33,0.396875,0.9895833333333334,0.3922838321891637,0.2663194444444445,0.984375,1.0,0.984375
577,45,0.396875,0.9895833333333334,0.3906633359377017,0.2663194444444445,0.984375,1.0,0.984375
577,62,0.396875,0.9895833333333334,0.38945845701160076,0.2663194444444445,0.984375,1.0,0.984375
577,85,0.396875,0.9895833333333334,0.3884660467277185,0.2663194444444445,0.984375,1.0,0.984375
577,117,0.39375,0.9791666666666666,0.38705505501196424,0.2659722222222223,0.96875,1.0,0.96875
577,128,0.39375,0.9791666666666666,0.38656653544216935,0.2659722222222223,0.96875,1.0,0.96875
577,161,0.39375,0.9791666666666666,0.38491682509856584,0.2659722222222223,0.96875,1.0,0.96875
577,222,0.39375,0.9791666666666666,0.37888479448617474,0.2659722222222223,0.96875,1.0,0.96875
577,256,0.390625,0.96875,0.3766958328403533,0.26562500000000006,0.953125,1.0,0.953125
587,0,0.4,1.0,0.39987505349662017,0.2666666666666667,1.0,1.0,1.0
587,1,0.4,1.0,0.3997728652212687,0.2666666666666667,1.0,1.0,1.0
587,2,0.4,1.0,0.39971579130656015,0.2666666666666667,1.0,1.0,1.0
587,3,0.4,1.0,0.39966908606470747,0.2666666666666667,1.0,1.0,1.0
587,4,0.4,1.0,0.3996215566695365,0.2666666666666667,1.0,1.0,1.0
587,5,0.4,1.0,0.39956915146158484,0.2666666666666667,1.0,1.0,1.0
587,7,0.4,1.0,0.3994497721706347,0.2666666666666667,1.0,1.0,1.0
587,9,0.4,1.0,0.3993058389586883,0.2666666666666667,1.0,1.0,1.0
587,13,0.4,1.0,0.3989641378402519,0.2666666666666667,1.0,1.0,1.0
587,17,0.4,1.0,0.39858757312332765,0.2666666666666667,1.0,1.0,1.0
587,24,0.4,1.0,0.39791640276557605,0.2666666666666667,1.0,1.0,1.0
587,33,0.4,1.0,0.3971452748858703,0.2666666666666667,1.0,1.0,1.0
587,45,0.4,1.0,0.3963826127074744,0.2666666666666667,1.0,1.0,1.0
587,62,0.4,1.0,0.39565291114832307,0.2666666666666667,1.0,1.0,1.0
587,85,0.396875,0.9895833333333334,0.3949959181111592,0.26631944444444444,1.0,0.984375,0.984375
587,117,0.396875,0.9895833333333334,0.3943472591741797,0.26631944444444444,1.0,0.984375,0.984375
587,128,0.396875,0.9895833333333334,0.3941324709818316,0.26631944444444444,1.0,0.984375,0.984375
587,161,0.396875,0.9895833333333334,0.3935075329617829,0.26631944444444444,1.0,0.984375,0.984375
587,222,0.396875,0.9895833333333334,0.3922767811173387,0.26631944444444444,1.0,0.984375,0.984375
587,256,0.396875,0.9895833333333334,0.39157298887735936,0.26631944444444444,1.0,0.984375,0.984375
593,0,0.4,1.0,0.39974802346361127,0.2666666666666667,1.0,1.0,1.0
593,1,0.4,1.0,0.39949847601156147,0.2666666666666667,1.0,1.0,1.0
593,2,0.4,1.0,0.3993889376746264,0.2666666666666667,1.0,1.0,1.0
593,3,0.4,1.0,0.39930380194086723,0.2666666666666667,1.0,1.0,1.0
593,4,0.4,1.0,0.3991988636250203,0.2666666666666667,1.0,1.0,1.0
593,5,0.4,1.0,0.3990749730864485,0.2666666666666667,1.0,1.0,1.0
593,7,0.4,1.0,0.39875721921445156,0.2666666666666667,1.0,1.0,1.0
593,9,0.4,1.0,0.39833458807648253,0.2666666666666667,1.0,1.0,1.0
593,13,0.4,1.0,0.397234158829691,0.2666666666666667,1.0,1.0,1.0
593,17,0.4,1.0,0.39599708414108953,0.2666666666666667,1.0,1.0,1.0
593,24,0.4,1.0,0.39394248729634906,0.2666666666666667,1.0,1.0,1.0
593,33,0.4,1.0,0.3918323874959641,0.2666666666666667,1.0,1.0,1.0
593,45,0.4,1.0,0.39015388056781075,0.2666666666666667,1.0,1.0,1.0
593,62,0.4,1.0,0.3889083666559551,0.2666666666666667,1.0,1.0,1.0
593,85,0.4,1.0,0.3877013202623968,0.2666666666666667,1.0,1.0,1.0
593,117,0.4,1.0,0.3859536969540448,0.2666666666666667,1.0,1.0,1.0
593,128,0.4,1.0,0.38541809367230256,0.2666666666666667,1.0,1.0,1.0
593,161,0.4,1.0,0.3837744217317922,0.2666666666666667,1.0,1.0,1.0
593,222,0.4,1.0,0.38092500325772527,0.2666666666666667,1.0,1.0,1.0
593,256,0.4,1.0,0.3793990364880493,0.2666666666666667,1.0,1.0,1.0
599,0,0.4,1.0,0.39987611455788047,0.2666666666666667,1.0,1.0,1.0
599,1,0.4,1.0,0.3997850354560653,0.2666666666666667,1.0,1.0,1.0
599,2,0.4,1.0,0.3997502516559658,0.2666666666666667,1.0,1.0,1.0
599,3,0.4,1.0,0.3997202731351694,0.2666666666666667,1.0,1.0,1.0
599,4,0.4,1.0,0.39968492871418265,0.2666666666666667,1.0,1.0,1.0
599,5,0.4,1.0,0.3996513782836392,0.2666666666666667,1.0,1.0,1.0
599,7,0.4,1.0,0.3995842765710307,0.2666666666666667,1.0,1.0,1.0
599,9,0.4,1.0,0.3995135136121435,0.2666666666666667,1.0,1.0,1.0
599,13,0.4,1.0,0.39935855447961244,0.2666666666666667,1.0,1.0,1.0
599,17,0.4,1.0,0.3991925979704903,0.2666666666666667,1.0,1.0,1.0
599,24,0.4,1.0,0.39889422434630645,0.2666666666666667,1.0,1.0,1.0
599,33,0.4,1.0,0.3985751111176372,0.2666666666666667,1.0,1.0,1.0
599,45,0.4,1.0,0.398292170507072,0.2666666666666667,1.0,1.0,1.0
599,62,0.4,1.0,0.3980213967599236,0.2666666666666667,1.0,1.0,1.0
599,85,0.4,1.0,0.39768347659752395,0.2666666666666667,1.0,1.0,1.0
599,117,0.4,1.0,0.3971666248960676,0.2666666666666667,1.0,1.0,1.0
599,128,0.4,1.0,0.3969654954014468,0.2666666666666667,1.0,1.0,1.0
599,161,0.4,1.0,0.39627157580167693,0.2666666666666667,1.0,1.0,1.0
599,222,0.4,1.0,0.3951842913117138,0.2666666666666667,1.0,1.0,1.0
599,256,0.4,1.0,0.3946144916766687,0.2666666666666667,1.0,1.0,1.0
601,0,0.4,1.0,0.3999302143941564,0.2666666666666667,1.0,1.0,1.0
601,1,0.4,1.0,0.3996985700531811,0.2666666666666667,1.0,1.0,1.0
601,2,0.4,1.0,0.3996150254769109,0.2666666666666667,1.0,1.0,1.0
601,3,0.4,1.0,0.39955805856876797,0.2666666666666667,1.0,1.0,1.0
601,4,0.4,1.0,0.39947562063885683,0.2666666666666667,1.0,1.0,1.0
601,5,0.4,1.0,0.3993655031937431,0.2666666666666667,1.0,1.0,1.0
601,7,0.4,1.0,0.39912683053484066,0.2666666666666667,1.0,1.0,1.0
601,9,0.4,1.0,0.3988247887706859,0.2666666666666667,1.0,1.0,1.0
601,13,0.4,1.0,0.3978996559402941,0.2666666666666667,1.0,1.0,1.0
601,17,0.4,1.0,0.39683718890839337,0.2666666666666667,1.0,1.0,1.0
601,24,0.4,1.0,0.3955461968190084,0.2666666666666667,1.0,1.0,1.0
601,33,0.4,1.0,0.39472852011629134,0.2666666666666667,1.0,1.0,1.0
601,45,0.4,1.0,0.39404134704190036,0.2666666666666667,1.0,1.0,1.0
601,62,0.4,1.0,0.3930297072917935,0.2666666666666667,1.0,1.0,1.0
601,85,0.4,1.0,0.3914009270523062,0.2666666666666667,1.0,1.0,1.0
601,117,0.396875,0.9895833333333334,0.38968392685110465,0.2663194444444445,0.984375,0.984375,1.0
601,128,0.396875,0.9895833333333334,0.3892116494307787,0.2663194444444445,0.984375,0.984375,1.0
601,161,0.396875,0.9895833333333334,0.38801301848052344,0.2663194444444445,0.984375,0.984375,1.0
601,222,0.39375,0.9791666666666666,0.385406510491308,0.2652777777777778,0.984375,0.96875,0.984375
601,256,0.39375,0.9791666666666666,0.38405573844475543,0.2652777777777778,0.984375,0.96875,0.984375
607,0,0.4,1.0,0.39982013361695884,0.2666666666666667,1.0,1.0,1.0
607,1,0.4,1.0,0.39967059456652015,0.2666666666666667,1.0,1.0,1.0
607,2,0.4,1.0,0.3995672143929172,0.2666666666666667,1.0,1.0,1.0
607,3,0.4,1.0,0.39950811761823213,0.2666666666666667,1.0,1.0,1.0
607,4,0.4,1.0,0.399424559692764,0.2666666666666667,1.0,1.0,1.0
607,5,0.4,1.0,0.3993190707463021,0.2666666666666667,1.0,1.0,1.0
607,7,0.4,1.0,0.3990610207092755,0.2666666666666667,1.0,1.0,1.0
607,9,0.4,1.0,0.39872355198838483,0.2666666666666667,1.0,1.0,1.0
607,13,0.4,1.0,0.3978596418755682,0.2666666666666667,1.0,1.0,1.0
607,17,0.4,1.0,0.39692908769625806,0.2666666666666667,1.0,1.0,1.0
607,24,0.4,1.0,0.39552849223240966,0.2666666666666667,1.0,1.0,1.0
607,33,0.4,1.0,0.3942951763260952,0.2666666666666667,1.0,1.0,1.0
607,45,0.4,1.0,0.3932958280471045,0.2666666666666667,1.0,1.0,1.0
607,62,0.4,1.0,0.39249155384890394,0.2666666666666667,1.0,1.0,1.0
607,85,0.4,1.0,0.3916795542215645,0.2666666666666667,1.0,1.0,1.0
607,117,0.4,1.0,0.39067583179808707,0.2666666666666667,1.0,1.0,1.0
607,128,0.4,1.0,0.39034508498092696,0.2666666666666667,1.0,1.0,1.0
607,161,0.4,1.0,0.38936006810958135,0.2666666666666667,1.0,1.0,1.0
607,222,0.4,1.0,0.38754570788452936,0.2666666666666667,1.0,1.0,1.0
607,256,0.4,1.0,0.38653842283874945,0.2666666666666667,1.0,1.0,1.0
613,0,0.4,1.0,0.39994225181344045,0.2666666666666667,1.0,1.0,1.0
613,1,0.4,1.0,0.3998681053327851,0.2666666666666667,1.0,1.0,1.0
613,2,0.4,1.0,0.39980442093447077,0.2666666666666667,1.0,1.0,1.0
613,3,0.4,1.0,0.3997465609957601,0.2666666666666667,1.0,1.0,1.0
613,4,0.4,1.0,0.3996939107932462,0.2666666666666667,1.0,1.0,1.0
613,5,0.4,1.0,0.39964448383616613,0.2666666666666667,1.0,1.0,1.0
613,7,0.4,1.0,0.399548806825482,0.2666666666666667,1.0,1.0,1.0
613,9,0.4,1.0,0.39943853035187177,0.2666666666666667,1.0,1.0,1.0
613,13,0.4,1.0,0.3991702864013715,0.2666666666666667,1.0,1.0,1.0
613,17,0.4,1.0,0.3988559375667142,0.2666666666666667,1.0,1.0,1.0
613,24,0.4,1.0,0.39827490724429165,0.2666666666666667,1.0,1.0,1.0
613,33,0.4,1.0,0.39762542080674546,0.2666666666666667,1.0,1.0,1.0
613,45,0.4,1.0,0.3970581779506141,0.2666666666666667,1.0,1.0,1.0
613,62,0.4,1.0,0.3966180739304107,0.2666666666666667,1.0,1.0,1.0
613,85,0.4,1.0,0.3961845785133487,0.2666666666666667,1.0,1.0,1.0
613,117,0.4,1.0,0.3955273333024051,0.2666666666666667,1.0,1.0,1.0
613,128,0.4,1.0,0.39526689698598655,0.2666666666666667,1.0,1.0,1.0
613,161,0.4,1.0,0.3945770236768636,0.2666666666666667,1.0,1.0,1.0
613,222,0.4,1.0,0.393417997931403,0.2666666666666667,1.0,1.0,1.0
613,256,0.4,1.0,0.39280897748181615,0.2666666666666667,1.0,1.0,1.0
617,0,0.4,1.0,0.4001291425795525,0.2666666666666667,1.0,1.0,1.0
617,1,0.4,1.0,0.399850386200516,0.2666666666666667,1.0,1.0,1.0
617,2,0.4,1.0,0.39960862534809277,0.2666666666666667,1.0,1.0,1.0
617,3,0.4,1.0,0.39928718111831546,0.2666666666666667,1.0,1.0,1.0
617,4,0.4,1.0,0.39884662831575385,0.2666666666666667,1.0,1.0,1.0
617,5,0.4,1.0,0.39827332152245837,0.2666666666666667,1.0,1.0,1.0
617,7,0.4,1.0,0.3967434189327184,0.2666666666666667,1.0,1.0,1.0
617,9,0.4,1.0,0.3950226714757394,0.2666666666666667,1.0,1.0,1.0
617,13,0.39375,0.9791666666666666,0.3917852128384943,0.2659722222222223,0.96875,1.0,0.96875
617,17,0.384375,0.9479166666666666,0.38882087670600407,0.2649305555555556,0.921875,1.0,0.921875
617,24,0.384375,0.9479166666666666,0.3846941066040192,0.2649305555555556,0.921875,1.0,0.921875
617,33,0.384375,0.9479166666666666,0.3813759111180415,0.2649305555555556,0.921875,1.0,0.921875
617,45,0.384375,0.9479166666666666,0.37903129727127827,0.2649305555555556,0.921875,1.0,0.921875
617,62,0.38125,0.9375,0.37732745395690626,0.2645833333333334,0.90625,1.0,0.90625
617,85,0.378125,0.9270833333333334,0.3750564861748774,0.26423611111111117,0.890625,1.0,0.890625
617,117,0.36875,0.8958333333333334,0.3724596630133902,0.2631944444444445,0.84375,1.0,0.84375
617,128,0.365625,0.8854166666666666,0.3716872687032312,0.2628472222222223,0.828125,1.0,0.828125
617,161,0.365625,0.8854166666666666,0.36990395980451624,0.2628472222222223,0.828125,1.0,0.828125
617,222,0.3625,0.875,0.3672461134295701,0.26250000000000007,0.8125,1.0,0.8125
617,256,0.3625,0.875,0.3665023657668346,0.26250000000000007,0.8125,1.0,0.8125
619,0,0.4,1.0,0.39986511208516523,0.2666666666666667,1.0,1.0,1.0
619,1,0.4,1.0,0.3997963828321305,0.2666666666666667,1.0,1.0,1.0
619,2,0.4,1.0,0.39974817800936424,0.2666666666666667,1.0,1.0,1.0
619,3,0.4,1.0,0.3997034973475033,0.2666666666666667,1.0,1.0,1.0
619,4,0.4,1.0,0.3996608525224527,0.2666666666666667,1.0,1.0,1.0
619,5,0.4,1.0,0.399617782445752,0.2666666666666667,1.0,1.0,1.0
619,7,0.4,1.0,0.39952091089939085,0.2666666666666667,1.0,1.0,1.0
619,9,0.4,1.0,0.39940969258584924,0.2666666666666667,1.0,1.0,1.0
619,13,0.4,1.0,0.3991391760482116,0.2666666666666667,1.0,1.0,1.0
619,17,0.4,1.0,0.39883944094385004,0.2666666666666667,1.0,1.0,1.0
619,24,0.4,1.0,0.39833241075722275,0.2666666666666667,1.0,1.0,1.0
619,33,0.4,1.0,0.3977966282322582,0.2666666666666667,1.0,1.0,1.0
619,45,0.4,1.0,0.3972996277213099,0.2666666666666667,1.0,1.0,1.0
619,62,0.4,1.0,0.39670958788910055,0.2666666666666667,1.0,1.0,1.0
619,85,0.4,1.0,0.39525637657189777,0.2666666666666667,1.0,1.0,1.0
619,117,0.4,1.0,0.3931361494998581,0.2666666666666667,1.0,1.0,1.0
619,128,0.396875,0.9895833333333334,0.39243837240936136,0.2663194444444445,0.984375,1.0,0.984375
619,161,0.396875,0.9895833333333334,0.39054325038678145,0.2663194444444445,0.984375,1.0,0.984375
619,222,0.39375,0.9791666666666666,0.3878312374700426,0.2659722222222223,0.96875,1.0,0.96875
619,256,0.390625,0.96875,0.3866656327974869,0.26562500000000006,0.953125,1.0,0.953125
631,0,0.4,1.0,0.39981647259325176,0.2666666666666667,1.0,1.0,1.0
631,1,0.4,1.0,0.39973827970714365,0.2666666666666667,1.0,1.0,1.0
631,2,0.4,1.0,0.3997016676085651,0.2666666666666667,1.0,1.0,1.0
631,3,0.4,1.0,0.39967685253293894,0.2666666666666667,1.0,1.0,1.0
631,4,0.4,1.0,0.39965037788717683,0.2666666666666667,1.0,1.0,1.0
631,5,0.4,1.0,0.39962081989082365,0.2666666666666667,1.0,1.0,1.0
631,7,0.4,1.0,0.39955724437614415,0.2666666666666667,1.0,1.0,1.0
631,9,0.4,1.0,0.39948695191134637,0.2666666666666667,1.0,1.0,1.0
631,13,0.4,1.0,0.39932691968133055,0.2666666666666667,1.0,1.0,1.0
631,17,0.4,1.0,0.3991619902482121,0.2666666666666667,1.0,1.0,1.0
631,24,0.4,1.0,0.3988915753699384,0.2666666666666667,1.0,1.0,1.0
631,33,0.4,1.0,0.39863553359069825,0.2666666666666667,1.0,1.0,1.0
631,45,0.4,1.0,0.39844350214811347,0.2666666666666667,1.0,1.0,1.0
631,62,0.4,1.0,0.39831105475121376,0.2666666666666667,1.0,1.0,1.0
631,85,0.4,1.0,0.398196401212816,0.2666666666666667,1.0,1.0,1.0
631,117,0.4,1.0,0.39804730847037467,0.2666666666666667,1.0,1.0,1.0
631,128,0.4,1.0,0.39799535651415946,0.2666666666666667,1.0,1.0,1.0
631,161,0.4,1.0,0.3978328745207848,0.2666666666666667,1.0,1.0,1.0
631,222,0.4,1.0,0.39753155666484674,0.2666666666666667,1.0,1.0,1.0
631,256,0.4,1.0,0.39736297624542566,0.2666666666666667,1.0,1.0,1.0
641,0,0.4,1.0,0.3998798197983401,0.2666666666666667,1.0,1.0,1.0
641,1,0.4,1.0,0.39977405017723056,0.2666666666666667,1.0,1.0,1.0
641,2,0.4,1.0,0.39971301485671007,0.2666666666666667,1.0,1.0,1.0
641,3,0.4,1.0,0.39965984665008475,0.2666666666666667,1.0,1.0,1.0
641,4,0.4,1.0,0.3996044683098589,0.2666666666666667,1.0,1.0,1.0
641,5,0.4,1.0,0.39954402462847133,0.2666666666666667,1.0,1.0,1.0
641,7,0.4,1.0,0.3994162336920483,0.2666666666666667,1.0,1.0,1.0
641,9,0.4,1.0,0.3992640848668788,0.2666666666666667,1.0,1.0,1.0
641,13,0.4,1.0,0.3989241171704649,0.2666666666666667,1.0,1.0,1.0
641,17,0.4,1.0,0.3985746671137264,0.2666666666666667,1.0,1.0,1.0
641,24,0.4,1.0,0.39797431586449766,0.2666666666666667,1.0,1.0,1.0
641,33,0.4,1.0,0.3972689909389729,0.2666666666666667,1.0,1.0,1.0
641,45,0.4,1.0,0.39648108936513193,0.2666666666666667,1.0,1.0,1.0
641,62,0.4,1.0,0.3957611343839695,0.2666666666666667,1.0,1.0,1.0
641,85,0.4,1.0,0.3951407488614287,0.2666666666666667,1.0,1.0,1.0
641,117,0.4,1.0,0.39438611135923346,0.2666666666666667,1.0,1.0,1.0
641,128,0.4,1.0,0.3941500301364309,0.2666666666666667,1.0,1.0,1.0
641,161,0.4,1.0,0.39343860005612835,0.2666666666666667,1.0,1.0,1.0
641,222,0.4,1.0,0.39214714822329355,0.2666666666666667,1.0,1.0,1.0
641,256,0.4,1.0,0.3914571225292473,0.2666666666666667,1.0,1.0,1.0
643,0,0.4,1.0,0.3998734304573344,0.2666666666666667,1.0,1.0,1.0
643,1,0.4,1.0,0.3997973842079509,0.2666666666666667,1.0,1.0,1.0
643,2,0.4,1.0,0.39975909185567227,0.2666666666666667,1.0,1.0,1.0
643,3,0.4,1.0,0.39973737375460927,0.2666666666666667,1.0,1.0,1.0
643,4,0.4,1.0,0.39971971550350277,0.2666666666666667,1.0,1.0,1.0
643,5,0.4,1.0,0.3997039390913522,0.2666666666666667,1.0,1.0,1.0
643,7,0.4,1.0,0.3996723722541884,0.2666666666666667,1.0,1.0,1.0
643,9,0.4,1.0,0.39963981629586526,0.2666666666666667,1.0,1.0,1.0
643,13,0.4,1.0,0.39957690248288913,0.2666666666666667,1.0,1.0,1.0
643,17,0.4,1.0,0.39951984377668437,0.2666666666666667,1.0,1.0,1.0
643,24,0.4,1.0,0.3994314320752737,0.2666666666666667,1.0,1.0,1.0
643,33,0.4,1.0,0.39933869408103284,0.2666666666666667,1.0,1.0,1.0
643,45,0.4,1.0,0.3992541013039571,0.2666666666666667,1.0,1.0,1.0
643,62,0.4,1.0,0.399178003047505,0.2666666666666667,1.0,1.0,1.0
643,85,0.4,1.0,0.3990878765728967,0.2666666666666667,1.0,1.0,1.0
643,117,0.4,1.0,0.3989564849883017,0.2666666666666667,1.0,1.0,1.0
643,128,0.4,1.0,0.39890676574739353,0.2666666666666667,1.0,1.0,1.0
643,161,0.4,1.0,0.39873265392653745,0.2666666666666667,1.0,1.0,1.0
643,222,0.4,1.0,0.3981236912927415,0.2666666666666667,1.0,1.0,1.0
643,256,0.4,1.0,0.39760759569820486,0.2666666666666667,1.0,1.0,1.0
647,0,0.4,1.0,0.39988847888132145,0.2666666666666667,1.0,1.0,1.0
647,1,0.4,1.0,0.39968341984356587,0.2666666666666667,1.0,1.0,1.0
647,2,0.4,1.0,0.39954872672835035,0.2666666666666667,1.0,1.0,1.0
647,3,0.4,1.0,0.3994356267356927,0.2666666666666667,1.0,1.0,1.0
647,4,0.4,1.0,0.3993143154149517,0.2666666666666667,1.0,1.0,1.0
647,5,0.4,1.0,0.3991806469458605,0.2666666666666667,1.0,1.0,1.0
647,7,0.4,1.0,0.3988493417868117,0.2666666666666667,1.0,1.0,1.0
647,9,0.4,1.0,0.39839316797612945,0.2666666666666667,1.0,1.0,1.0
647,13,0.4,1.0,0.3970732422526624,0.2666666666666667,1.0,1.0,1.0
647,17,0.4,1.0,0.39539448586006115,0.2666666666666667,1.0,1.0,1.0
647,24,0.4,1.0,0.39253518331974974,0.2666666666666667,1.0,1.0,1.0
647,33,0.396875,0.9895833333333334,0.39017068970439467,0.2663194444444445,0.984375,1.0,0.984375
647,45,0.396875,0.9895833333333334,0.3887871395947968,0.2663194444444445,0.984375,1.0,0.984375
647,62,0.396875,0.9895833333333334,0.38822834385351984,0.2663194444444445,0.984375,1.0,0.984375
647,85,0.396875,0.9895833333333334,0.38804440831560394,0.2663194444444445,0.984375,1.0,0.984375
647,117,0.396875,0.9895833333333334,0.38767513868024067,0.2663194444444445,0.984375,1.0,0.984375
647,128,0.396875,0.9895833333333334,0.38749698654781983,0.2663194444444445,0.984375,1.0,0.984375
647,161,0.396875,0.9895833333333334,0.38693482866716594,0.2663194444444445,0.984375,1.0,0.984375
647,222,0.396875,0.9895833333333334,0.3855913447325778,0.2663194444444445,0.984375,1.0,0.984375
647,256,0.396875,0.9895833333333334,0.3847642751130064,0.2663194444444445,0.984375,1.0,0.984375
653,0,0.4,1.0,0.3997886289689099,0.2666666666666667,1.0,1.0,1.0
653,1,0.4,1.0,0.3996624521639614,0.2666666666666667,1.0,1.0,1.0
653,2,0.4,1.0,0.3996247639302525,0.2666666666666667,1.0,1.0,1.0
653,3,0.4,1.0,0.3996106508482464,0.2666666666666667,1.0,1.0,1.0
653,4,0.4,1.0,0.3995731307588944,0.2666666666666667,1.0,1.0,1.0
653,5,0.4,1.0,0.39952624488822397,0.2666666666666667,1.0,1.0,1.0
653,7,0.4,1.0,0.3994324112622369,0.2666666666666667,1.0,1.0,1.0
653,9,0.4,1.0,0.39931274425521823,0.2666666666666667,1.0,1.0,1.0
653,13,0.4,1.0,0.39895262445712043,0.2666666666666667,1.0,1.0,1.0
653,17,0.4,1.0,0.39854100035664597,0.2666666666666667,1.0,1.0,1.0
653,24,0.4,1.0,0.39800232866349117,0.2666666666666667,1.0,1.0,1.0
653,33,0.4,1.0,0.39763470998734357,0.2666666666666667,1.0,1.0,1.0
653,45,0.4,1.0,0.3973529867934413,0.2666666666666667,1.0,1.0,1.0
653,62,0.4,1.0,0.3970699090887288,0.2666666666666667,1.0,1.0,1.0
653,85,0.4,1.0,0.3967931632291423,0.2666666666666667,1.0,1.0,1.0
653,117,0.4,1.0,0.39641284341085825,0.2666666666666667,1.0,1.0,1.0
653,128,0.4,1.0,0.39625368684919393,0.2666666666666667,1.0,1.0,1.0
653,161,0.4,1.0,0.3958149262846132,0.2666666666666667,1.0,1.0,1.0
653,222,0.4,1.0,0.39491078938353874,0.2666666666666667,1.0,1.0,1.0
653,256,0.4,1.0,0.394436163328908,0.2666666666666667,1.0,1.0,1.0
659,0,0.4,1.0,0.39983301328639426,0.2666666666666667,1.0,1.0,1.0
659,1,0.4,1.0,0.39973590043706164,0.2666666666666667,1.0,1.0,1.0
659,2,0.4,1.0,0.3996947897037221,0.2666666666666667,1.0,1.0,1.0
659,3,0.4,1.0,0.3996584149372782,0.2666666666666667,1.0,1.0,1.0
659,4,0.4,1.0,0.3996186365231279,0.2666666666666667,1.0,1.0,1.0
659,5,0.4,1.0,0.3995803034861931,0.2666666666666667,1.0,1.0,1.0
659,7,0.4,1.0,0.3995079587376677,0.2666666666666667,1.0,1.0,1.0
659,9,0.4,1.0,0.39944906441464895,0.2666666666666667,1.0,1.0,1.0
659,13,0.4,1.0,0.3993641115465103,0.2666666666666667,1.0,1.0,1.0
659,17,0.4,1.0,0.39926942593232206,0.2666666666666667,1.0,1.0,1.0
659,24,0.4,1.0,0.399092884847856,0.2666666666666667,1.0,1.0,1.0
659,33,0.4,1.0,0.39890932675048824,0.2666666666666667,1.0,1.0,1.0
659,45,0.4,1.0,0.3987366852220461,0.2666666666666667,1.0,1.0,1.0
659,62,0.4,1.0,0.3985800988090269,0.2666666666666667,1.0,1.0,1.0
659,85,0.4,1.0,0.3983506715241678,0.2666666666666667,1.0,1.0,1.0
659,117,0.4,1.0,0.3979703139092358,0.2666666666666667,1.0,1.0,1.0
659,128,0.4,1.0,0.3978591572506605,0.2666666666666667,1.0,1.0,1.0
659,161,0.4,1.0,0.3974023965853334,0.2666666666666667,1.0,1.0,1.0
659,222,0.4,1.0,0.3965815893573263,0.2666666666666667,1.0,1.0,1.0
659,256,0.4,1.0,0.39609665677897166,0.2666666666666667,1.0,1.0,1.0
661,0,0.4,1.0,0.39980608407156304,0.2666666666666667,1.0,1.0,1.0
661,1,0.4,1.0,0.39971974620358247,0.2666666666666667,1.0,1.0,1.0
661,2,0.4,1.0,0.3997043369399166,0.2666666666666667,1.0,1.0,1.0
661,3,0.4,1.0,0.3996977800097128,0.2666666666666667,1.0,1.0,1.0
661,4,0.4,1.0,0.39968531455308975,0.2666666666666667,1.0,1.0,1.0
661,5,0.4,1.0,0.3996700673539773,0.2666666666666667,1.0,1.0,1.0
661,7,0.4,1.0,0.39963844566739776,0.2666666666666667,1.0,1.0,1.0
661,9,0.4,1.0,0.39960166689018795,0.2666666666666667,1.0,1.0,1.0
661,13,0.4,1.0,0.3995099864344123,0.2666666666666667,1.0,1.0,1.0
661,17,0.4,1.0,0.399398952619341,0.2666666666666667,1.0,1.0,1.0
661,24,0.4,1.0,0.3991984935595004,0.2666666666666667,1.0,1.0,1.0
661,33,0.4,1.0,0.3990043609702563,0.2666666666666667,1.0,1.0,1.0
661,45,0.4,1.0,0.3988450663538075,0.2666666666666667,1.0,1.0,1.0
661,62,0.4,1.0,0.3985345950963789,0.2666666666666667,1.0,1.0,1.0
661,85,0.4,1.0,0.39798971117485327,0.2666666666666667,1.0,1.0,1.0
661,117,0.4,1.0,0.3975419239335295,0.2666666666666667,1.0,1.0,1.0
661,128,0.4,1.0,0.39730065891885363,0.2666666666666667,1.0,1.0,1.0
661,161,0.4,1.0,0.3966485770600942,0.2666666666666667,1.0,1.0,1.0
661,222,0.396875,0.9895833333333334,0.395652060045625,0.2663194444444445,0.984375,1.0,0.984375
661,256,0.396875,0.9895833333333334,0.3952604176085753,0.2663194444444445,0.984375,1.0,0.984375
673,0,0.4,1.0,0.399819671847656,0.2666666666666667,1.0,1.0,1.0
673,1,0.4,1.0,0.39972050128506403,0.2666666666666667,1.0,1.0,1.0
673,2,0.4,1.0,0.3996248797331938,0.2666666666666667,1.0,1.0,1.0
673,3,0.4,1.0,0.39954811985518907,0.2666666666666667,1.0,1.0,1.0
673,4,0.4,1.0,0.3994742194522524,0.2666666666666667,1.0,1.0,1.0
673,5,0.4,1.0,0.39939176930528486,0.2666666666666667,1.0,1.0,1.0
673,7,0.4,1.0,0.3991930239573214,0.2666666666666667,1.0,1.0,1.0
673,9,0.4,1.0,0.3989583416992967,0.2666666666666667,1.0,1.0,1.0
673,13,0.4,1.0,0.3983658924712644,0.2666666666666667,1.0,1.0,1.0
673,17,0.4,1.0,0.39761468553769785,0.2666666666666667,1.0,1.0,1.0
673,24,0.4,1.0,0.3961466218853858,0.2666666666666667,1.0,1.0,1.0
673,33,0.4,1.0,0.3946079806525409,0.2666666666666667,1.0,1.0,1.0
673,45,0.4,1.0,0.3934560137727654,0.2666666666666667,1.0,1.0,1.0
673,62,0.4,1.0,0.3927414920963127,0.2666666666666667,1.0,1.0,1.0
673,85,0.4,1.0,0.3921447108997275,0.2666666666666667,1.0,1.0,1.0
673,117,0.4,1.0,0.3913040704626616,0.2666666666666667,1.0,1.0,1.0
673,128,0.4,1.0,0.39104242069468814,0.2666666666666667,1.0,1.0,1.0
673,161,0.4,1.0,0.39037249117902295,0.2666666666666667,1.0,1.0,1.0
673,222,0.4,1.0,0.38902025758905545,0.2666666666666667,1.0,1.0,1.0
673,256,0.4,1.0,0.3882985315390041,0.2666666666666667,1.0,1.0,1.0
677,0,0.4,1.0,0.3999393445266566,0.2666666666666667,1.0,1.0,1.0
677,1,0.4,1.0,0.3997788531994399,0.2666666666666667,1.0,1.0,1.0
677,2,0.4,1.0,0.39962074902289363,0.2666666666666667,1.0,1.0,1.0
677,3,0.4,1.0,0.3995055491160558,0.2666666666666667,1.0,1.0,1.0
677,4,0.4,1.0,0.39940614061760515,0.2666666666666667,1.0,1.0,1.0
677,5,0.4,1.0,0.3993005045105653,0.2666666666666667,1.0,1.0,1.0
677,7,0.4,1.0,0.39905171971146725,0.2666666666666667,1.0,1.0,1.0
677,9,0.4,1.0,0.3987569535853205,0.2666666666666667,1.0,1.0,1.0
677,13,0.4,1.0,0.3980707448669559,0.2666666666666667,1.0,1.0,1.0
677,17,0.4,1.0,0.3972729436865092,0.2666666666666667,1.0,1.0,1.0
677,24,0.4,1.0,0.39570413177224995,0.2666666666666667,1.0,1.0,1.0
677,33,0.4,1.0,0.39381208462965844,0.2666666666666667,1.0,1.0,1.0
677,45,0.4,1.0,0.39156920687856983,0.2666666666666667,1.0,1.0,1.0
677,62,0.4,1.0,0.3897228410988304,0.2666666666666667,1.0,1.0,1.0
677,85,0.4,1.0,0.38816186487279375,0.2666666666666667,1.0,1.0,1.0
677,117,0.4,1.0,0.3859489306483551,0.2666666666666667,1.0,1.0,1.0
677,128,0.39375,0.9791666666666666,0.38517315881941616,0.2659722222222222,1.0,0.96875,0.96875
677,161,0.39375,0.9791666666666666,0.38310969989533045,0.2659722222222222,1.0,0.96875,0.96875
677,222,0.3875,0.9583333333333334,0.37987020464516524,0.2652777777777778,1.0,0.9375,0.9375
677,256,0.3875,0.9583333333333334,0.3783397814179101,0.2652777777777778,1.0,0.9375,0.9375
683,0,0.4,1.0,0.3998427823447693,0.2666666666666667,1.0,1.0,1.0
683,1,0.4,1.0,0.3997330380504627,0.2666666666666667,1.0,1.0,1.0
683,2,0.4,1.0,0.39965031883612406,0.2666666666666667,1.0,1.0,1.0
683,3,0.4,1.0,0.39956376672069566,0.2666666666666667,1.0,1.0,1.0
683,4,0.4,1.0,0.3994710930329802,0.2666666666666667,1.0,1.0,1.0
683,5,0.4,1.0,0.3993723170393919,0.2666666666666667,1.0,1.0,1.0
683,7,0.4,1.0,0.39913887364692285,0.2666666666666667,1.0,1.0,1.0
683,9,0.4,1.0,0.39883744129604143,0.2666666666666667,1.0,1.0,1.0
683,13,0.4,1.0,0.39802225719498113,0.2666666666666667,1.0,1.0,1.0
683,17,0.4,1.0,0.3969854313225392,0.2666666666666667,1.0,1.0,1.0
683,24,0.4,1.0,0.39504097392381105,0.2666666666666667,1.0,1.0,1.0
683,33,0.4,1.0,0.39301345327169696,0.2666666666666667,1.0,1.0,1.0
683,45,0.4,1.0,0.39141217687355573,0.2666666666666667,1.0,1.0,1.0
683,62,0.4,1.0,0.3903467614225449,0.2666666666666667,1.0,1.0,1.0
683,85,0.4,1.0,0.3894650041360889,0.2666666666666667,1.0,1.0,1.0
683,117,0.4,1.0,0.38833664110948996,0.2666666666666667,1.0,1.0,1.0
683,128,0.4,1.0,0.3879319622547558,0.2666666666666667,1.0,1.0,1.0
683,161,0.4,1.0,0.3866051155626507,0.2666666666666667,1.0,1.0,1.0
683,222,0.4,1.0,0.3845422969770061,0.2666666666666667,1.0,1.0,1.0
683,256,0.4,1.0,0.38356225965687163,0.2666666666666667,1.0,1.0,1.0
691,0,0.4,1.0,0.39977711618349016,0.2666666666666667,1.0,1.0,1.0
691,1,0.4,1.0,0.3996592432091033,0.2666666666666667,1.0,1.0,1.0
691,2,0.4,1.0,0.39955656121530897,0.2666666666666667,1.0,1.0,1.0
691,3,0.4,1.0,0.3994714632482056,0.2666666666666667,1.0,1.0,1.0
691,4,0.4,1.0,0.3993929472140066,0.2666666666666667,1.0,1.0,1.0
691,5,0.4,1.0,0.3993120540111656,0.2666666666666667,1.0,1.0,1.0
691,7,0.4,1.0,0.39911966192853315,0.2666666666666667,1.0,1.0,1.0
691,9,0.4,1.0,0.39887409200346163,0.2666666666666667,1.0,1.0,1.0
691,13,0.4,1.0,0.39823450623865203,0.2666666666666667,1.0,1.0,1.0
691,17,0.4,1.0,0.3974632704474389,0.2666666666666667,1.0,1.0,1.0
691,24,0.4,1.0,0.3959839825338866,0.2666666666666667,1.0,1.0,1.0
691,33,0.4,1.0,0.39422022974762144,0.2666666666666667,1.0,1.0,1.0
691,45,0.4,1.0,0.39271874044718713,0.2666666666666667,1.0,1.0,1.0
691,62,0.4,1.0,0.39173338939047153,0.2666666666666667,1.0,1.0,1.0
691,85,0.4,1.0,0.3909486868449175,0.2666666666666667,1.0,1.0,1.0
691,117,0.4,1.0,0.3897943161786659,0.2666666666666667,1.0,1.0,1.0
691,128,0.4,1.0,0.38941030549706407,0.2666666666666667,1.0,1.0,1.0
691,161,0.4,1.0,0.388263370297209,0.2666666666666667,1.0,1.0,1.0
691,222,0.4,1.0,0.3862296591112264,0.2666666666666667,1.0,1.0,1.0
691,256,0.4,1.0,0.38512388217193644,0.2666666666666667,1.0,1.0,1.0
