scope,q,k,factor,high,low,outcome,estimate,ci_low,ci_high,n_seeds,n_matched_cells
within_q_k,0.5,2,beta,0.1,0.0,rho_y,0.0,0.0,0.0,10,10
within_q_k,0.5,2,beta,0.1,0.0,intended_probability,6.149728386855014e-05,-8.25508251936058e-06,0.0001932516482998897,10,10
within_q_k,0.5,2,beta,0.1,0.0,iid_accuracy,0.0,0.0,0.0,10,10
within_q_k,0.5,2,beta,0.1,0.0,intended_probability_auc,-3.5416213162720034e-06,-4.421352280851693e-05,3.7504348530310324e-05,10,10
within_q_k,0.5,2,beta,0.3,0.0,rho_y,0.0,0.0,0.0,10,10
within_q_k,0.5,2,beta,0.3,0.0,intended_probability,5.2386787242364453e-05,-3.518962902311074e-05,0.00019325854161716477,10,10
within_q_k,0.5,2,beta,0.3,0.0,iid_accuracy,0.0,0.0,0.0,10,10
within_q_k,0.5,2,beta,0.3,0.0,intended_probability_auc,-4.5836293335599354e-05,-9.961474595488879e-05,1.4538603256339671e-05,10,10
within_q_k,0.5,3,beta,0.1,0.0,rho_y,0.012480000000000002,0.0,0.03744000000000001,10,10
within_q_k,0.5,3,beta,0.1,0.0,intended_probability,0.01243407227993849,-0.00014200259308976864,0.03744395893707755,10,10
within_q_k,0.5,3,beta,0.1,0.0,iid_accuracy,0.012924999999999997,-7.499999999999174e-05,0.03884999999999998,10,10
within_q_k,0.5,3,beta,0.1,0.0,intended_probability_auc,0.01206228371541177,6.2712977548754e-06,0.03598585332305124,10,10
within_q_k,0.5,3,beta,0.3,0.0,rho_y,0.012480000000000002,0.0,0.03744000000000001,10,10
within_q_k,0.5,3,beta,0.3,0.0,intended_probability,0.012350655741337669,-0.0004118487843499929,0.03744899912190055,10,10
within_q_k,0.5,3,beta,0.3,0.0,iid_accuracy,0.012949999999999995,0.0,0.03884999999999998,10,10
within_q_k,0.5,3,beta,0.3,0.0,intended_probability_auc,0.012051879819548705,-0.0002637556060471574,0.03630114475051308,10,10
within_q_k,0.5,4,beta,0.1,0.0,rho_y,0.023910000000000008,0.006000000000000005,0.04204000000000002,10,10
within_q_k,0.5,4,beta,0.1,0.0,intended_probability,0.02381662453431931,0.005862331248537324,0.0420307330560335,10,10
within_q_k,0.5,4,beta,0.1,0.0,iid_accuracy,0.025775000000000003,0.006374999999999997,0.045774999999999996,10,10
within_q_k,0.5,4,beta,0.1,0.0,intended_probability_auc,0.022543528591632223,0.005612388171677673,0.03970541319673997,10,10
within_q_k,0.5,4,beta,0.3,0.0,rho_y,0.04894,0.01743999999999999,0.08668025,10,10
within_q_k,0.5,4,beta,0.3,0.0,intended_probability,0.04882962921854421,0.012561583907595403,0.09163537708601915,10,10
within_q_k,0.5,4,beta,0.3,0.0,iid_accuracy,0.05122500000000001,0.018775000000000007,0.09072625000000002,10,10
within_q_k,0.5,4,beta,0.3,0.0,intended_probability_auc,0.04601004256287035,0.016161883619788247,0.08197995639645876,10,10
within_q_k,0.75,2,beta,0.1,0.0,rho_y,0.0,0.0,0.0,10,10
within_q_k,0.75,2,beta,0.1,0.0,intended_probability,4.639912923165568e-06,-1.1266755166522411e-07,1.016094994284955e-05,10,10
within_q_k,0.75,2,beta,0.1,0.0,iid_accuracy,0.0,0.0,0.0,10,10
within_q_k,0.75,2,beta,0.1,0.0,intended_probability_auc,0.002817615294883713,0.0012330851592018209,0.004629645108570524,10,10
within_q_k,0.75,2,beta,0.3,0.0,rho_y,0.0,0.0,0.0,10,10
within_q_k,0.75,2,beta,0.3,0.0,intended_probability,-1.6797509934696196e-05,-3.2715794177662355e-05,-2.4117456821112765e-06,10,10
within_q_k,0.75,2,beta,0.3,0.0,iid_accuracy,0.0,0.0,0.0,10,10
within_q_k,0.75,2,beta,0.3,0.0,intended_probability_auc,0.0062552986765688654,0.0035776037085165735,0.009042741240246613,10,10
within_q_k,0.75,3,beta,0.1,0.0,rho_y,0.047920000000000004,-0.004460499999999991,0.12459049999999998,10,10
within_q_k,0.75,3,beta,0.1,0.0,intended_probability,0.047881524248617094,-0.0044493599866547665,0.12374165340192408,10,10
within_q_k,0.75,3,beta,0.1,0.0,iid_accuracy,0.014000000000000002,0.0004743749999999821,0.0314,10,10
within_q_k,0.75,3,beta,0.1,0.0,intended_probability_auc,0.08140643354640395,0.030795986894343406,0.13755536358525244,10,10
within_q_k,0.75,3,beta,0.3,0.0,rho_y,0.0621,-0.0002599999999999936,0.1257955,10,10
within_q_k,0.75,3,beta,0.3,0.0,intended_probability,0.06209186725248774,-0.0006481752763847682,0.13609364717126068,10,10
within_q_k,0.75,3,beta,0.3,0.0,iid_accuracy,0.016649999999999977,0.0029249999999999996,0.032174999999999974,10,10
within_q_k,0.75,3,beta,0.3,0.0,intended_probability_auc,0.099737750335894,0.04207127228369233,0.15863991589629892,10,10
within_q_k,0.75,4,beta,0.1,0.0,rho_y,0.005840000000000003,-0.07036150000000001,0.08078125000000001,10,10
within_q_k,0.75,4,beta,0.1,0.0,intended_probability,0.005843846058861254,-0.06935814819313563,0.08161563351120356,10,10
within_q_k,0.75,4,beta,0.1,0.0,iid_accuracy,0.0014000000000000013,-0.018400624999999983,0.021275625,10,10
within_q_k,0.75,4,beta,0.1,0.0,intended_probability_auc,0.014343262710469887,-0.03389020818034516,0.06936398331693429,10,10
within_q_k,0.75,4,beta,0.3,0.0,rho_y,0.44192,0.24765,0.66740225,10,10
within_q_k,0.75,4,beta,0.3,0.0,intended_probability,0.4417128718752664,0.2535246653940243,0.6553707110031166,10,10
within_q_k,0.75,4,beta,0.3,0.0,iid_accuracy,0.11007499999999999,0.061744374999999976,0.16327625,10,10
within_q_k,0.75,4,beta,0.3,0.0,intended_probability_auc,0.3782606433880328,0.23445091026436476,0.5458947068740667,10,10
within_q_k,0.9,2,beta,0.1,0.0,rho_y,0.13308,-0.016869999999999996,0.30815725000000005,10,10
within_q_k,0.9,2,beta,0.1,0.0,intended_probability,0.13315219348249713,-0.01679782660650164,0.3244375718621991,10,10
within_q_k,0.9,2,beta,0.1,0.0,iid_accuracy,0.013174999999999992,-0.002075000000000005,0.03295,10,10
within_q_k,0.9,2,beta,0.1,0.0,intended_probability_auc,0.06420087354870706,0.0066076653515213385,0.13576309784813376,10,10
within_q_k,0.9,2,beta,0.3,0.0,rho_y,0.18221,-0.02654999999999998,0.39977375000000004,10,10
within_q_k,0.9,2,beta,0.3,0.0,intended_probability,0.18228834812014502,-0.03408117490485479,0.3990015810786661,10,10
within_q_k,0.9,2,beta,0.3,0.0,iid_accuracy,0.01804999999999999,-0.0032500000000000194,0.04015062499999998,10,10
within_q_k,0.9,2,beta,0.3,0.0,intended_probability_auc,0.16580828957970706,0.02421283323058656,0.3238006499803768,10,10
within_q_k,0.9,3,beta,0.1,0.0,rho_y,0.12464,0.04958,0.19963175000000002,10,10
within_q_k,0.9,3,beta,0.1,0.0,intended_probability,0.12462908748290817,0.049576737377732105,0.19993164401604,10,10
within_q_k,0.9,3,beta,0.1,0.0,iid_accuracy,0.012324999999999985,0.004674999999999996,0.019999999999999973,10,10
within_q_k,0.9,3,beta,0.1,0.0,intended_probability_auc,0.09380283120172228,0.03565328702651798,0.15323338932592193,10,10
within_q_k,0.9,3,beta,0.3,0.0,rho_y,0.05077,0.0,0.12644000000000002,10,10
within_q_k,0.9,3,beta,0.3,0.0,intended_probability,0.050768279943520525,-2.5011727454287905e-06,0.12643611588904136,10,10
within_q_k,0.9,3,beta,0.3,0.0,iid_accuracy,0.005274999999999997,0.0,0.01309999999999999,10,10
within_q_k,0.9,3,beta,0.3,0.0,intended_probability_auc,0.03657810054381625,0.00015353324952518995,0.08916486669095837,10,10
within_q_k,0.9,4,beta,0.1,0.0,rho_y,0.0,0.0,0.0,10,10
within_q_k,0.9,4,beta,0.1,0.0,intended_probability,9.073845591223867e-06,-1.0968804754950055e-06,2.8154258337651193e-05,10,10
within_q_k,0.9,4,beta,0.1,0.0,iid_accuracy,0.0,0.0,0.0,10,10
within_q_k,0.9,4,beta,0.1,0.0,intended_probability_auc,-0.000147725777748715,-0.0005486395726462774,6.452803710127696e-05,10,10
within_q_k,0.9,4,beta,0.3,0.0,rho_y,0.0,0.0,0.0,10,10
within_q_k,0.9,4,beta,0.3,0.0,intended_probability,1.463859766373656e-06,-1.5925183401664513e-06,6.761315564397782e-06,10,10
within_q_k,0.9,4,beta,0.3,0.0,iid_accuracy,0.0,0.0,0.0,10,10
within_q_k,0.9,4,beta,0.3,0.0,intended_probability_auc,0.0002275037231798548,-0.0003816784419829015,0.0009005061175905169,10,10
within_q_k,0.99,2,beta,0.1,0.0,rho_y,0.0013199999999999907,-0.06716000000000003,0.06981999999999998,10,10
within_q_k,0.99,2,beta,0.1,0.0,intended_probability,0.0011047836187857625,-0.06630026276965754,0.06812872189685858,10,10
within_q_k,0.99,2,beta,0.1,0.0,iid_accuracy,0.00012500000000000843,-0.0004749999999999921,0.0007500000000000174,10,10
within_q_k,0.99,2,beta,0.1,0.0,intended_probability_auc,0.05331327220898739,0.0001467295513529107,0.11259390762082148,10,10
within_q_k,0.99,2,beta,0.3,0.0,rho_y,-0.12753,-0.301253,0.018551750000000002,10,10
within_q_k,0.99,2,beta,0.3,0.0,intended_probability,-0.1276179145522982,-0.3003171613060037,0.01750753782988574,10,10
within_q_k,0.99,2,beta,0.3,0.0,iid_accuracy,-0.0012499999999999844,-0.002949999999999975,0.00020000000000002237,10,10
within_q_k,0.99,2,beta,0.3,0.0,intended_probability_auc,-0.04305127919585329,-0.11540897663636587,0.02733155227076505,10,10
within_q_k,0.99,3,beta,0.1,0.0,rho_y,0.0,0.0,0.0,10,10
within_q_k,0.99,3,beta,0.1,0.0,intended_probability,-3.1019703086808645e-06,-9.164248318643924e-06,6.319118919711032e-07,10,10
within_q_k,0.99,3,beta,0.1,0.0,iid_accuracy,0.0,0.0,0.0,10,10
within_q_k,0.99,3,beta,0.1,0.0,intended_probability_auc,8.569465147703148e-06,-3.119992374012821e-06,1.8247556129578274e-05,10,10
within_q_k,0.99,3,beta,0.3,0.0,rho_y,0.0,0.0,0.0,10,10
within_q_k,0.99,3,beta,0.3,0.0,intended_probability,-2.563825204917416e-06,-8.585775250051709e-06,1.1563367758723145e-06,10,10
within_q_k,0.99,3,beta,0.3,0.0,iid_accuracy,0.0,0.0,0.0,10,10
within_q_k,0.99,3,beta,0.3,0.0,intended_probability_auc,3.775224218036349e-05,1.949912670838154e-05,5.4848315075600525e-05,10,10
within_q_k,0.99,4,beta,0.1,0.0,rho_y,0.0,0.0,0.0,10,10
within_q_k,0.99,4,beta,0.1,0.0,intended_probability,1.779023516605817e-06,3.8587204631930274e-07,3.2542666946464433e-06,10,10
within_q_k,0.99,4,beta,0.1,0.0,iid_accuracy,0.0,0.0,0.0,10,10
within_q_k,0.99,4,beta,0.1,0.0,intended_probability_auc,1.8751869413238374e-05,6.482235738315161e-06,2.9767358420374843e-05,10,10
within_q_k,0.99,4,beta,0.3,0.0,rho_y,0.0,0.0,0.0,10,10
within_q_k,0.99,4,beta,0.3,0.0,intended_probability,2.707372459742431e-06,-8.738054583613655e-07,8.703345612569928e-06,10,10
within_q_k,0.99,4,beta,0.3,0.0,iid_accuracy,0.0,0.0,0.0,10,10
within_q_k,0.99,4,beta,0.3,0.0,intended_probability_auc,4.570614476869569e-05,3.065330689107318e-05,6.118673756867735e-05,10,10
collapsed_primary_grid,all,all,beta,0.1,0.0,rho_y,0.029099166666666666,0.015649645833333333,0.042114562499999994,10,120
collapsed_primary_grid,all,all,beta,0.1,0.0,intended_probability,0.029078001650126507,0.015567996839270296,0.042811356917831715,10,120
collapsed_primary_grid,all,all,beta,0.1,0.0,iid_accuracy,0.006643749999999999,0.0028893229166666676,0.010544166666666665,10,120
collapsed_primary_grid,all,all,beta,0.1,0.0,intended_probability_auc,0.02869717956280952,0.02160318378674752,0.03608433309013504,10,120
collapsed_primary_grid,all,all,beta,0.3,0.0,rho_y,0.0559075,0.034142166666666675,0.07949702083333333,10,120
collapsed_primary_grid,all,all,beta,0.3,0.0,intended_probability,0.055871744523611024,0.03374180516844876,0.07974492174276919,10,120
collapsed_primary_grid,all,all,beta,0.3,0.0,iid_accuracy,0.017747916666666662,0.012970468749999992,0.022666979166666667,10,120
collapsed_primary_grid,all,all,beta,0.3,0.0,intended_probability_auc,0.0584929876272815,0.04219257750165764,0.07651986564668233,10,120
canonical_arm_minus_actor_critic,0.9,3,arm,reinforce_full,actor_critic_full,rho_y,0.05156000000000001,0.0,0.12582999999999997,10,10
canonical_arm_minus_actor_critic,0.9,3,arm,reinforce_full,actor_critic_full,iid_accuracy,0.005425000000000002,-4.999999999999449e-05,0.013575000000000004,10,10
canonical_arm_minus_actor_critic,0.9,3,arm,reinforce_full,actor_critic_full,rho_y,-0.025380000000000003,-0.10162,0.05056999999999999,10,10
canonical_arm_minus_actor_critic,0.9,3,arm,reinforce_full,actor_critic_full,iid_accuracy,-0.0027249999999999887,-0.011024999999999997,0.005325000000000024,10,10
canonical_arm_minus_actor_critic,0.9,3,arm,reinforce_full,actor_critic_full,rho_y,0.050529999999999985,-0.027129999999999998,0.14940124999999999,10,10
canonical_arm_minus_actor_critic,0.9,3,arm,reinforce_full,actor_critic_full,iid_accuracy,0.0041749999999999956,-0.0052756249999999965,0.013401874999999985,10,10
canonical_arm_minus_actor_critic,0.9,3,arm,reinforce_full,actor_critic_full,rho_y,-0.048519999999999994,-0.14696025000000001,0.05016,10,10
canonical_arm_minus_actor_critic,0.9,3,arm,reinforce_full,actor_critic_full,iid_accuracy,-0.005199999999999994,-0.014751249999999995,0.0050000000000000044,10,10
canonical_arm_minus_actor_critic,0.9,3,arm,reinforce_full,actor_critic_full,rho_y,0.02393,-0.05154100000000001,0.10037175000000001,10,10
canonical_arm_minus_actor_critic,0.9,3,arm,reinforce_full,actor_critic_full,iid_accuracy,0.0027000000000000136,-0.0053499999999999884,0.010650625000000006,10,10
canonical_arm_minus_actor_critic,0.9,3,arm,reinforce_full,actor_critic_full,rho_y,0.07388,0.021330000000000002,0.14867175,10,10
canonical_arm_minus_actor_critic,0.9,3,arm,reinforce_full,actor_critic_full,iid_accuracy,0.007399999999999995,7.31250000000034e-05,0.01569999999999998,10,10
canonical_arm_minus_actor_critic,0.9,3,arm,actor_critic_subspace1024,actor_critic_full,rho_y,0.0,0.0,0.0,10,10
canonical_arm_minus_actor_critic,0.9,3,arm,actor_critic_subspace1024,actor_critic_full,iid_accuracy,0.0,0.0,0.0,10,10
canonical_arm_minus_actor_critic,0.9,3,arm,actor_critic_subspace1024,actor_critic_full,rho_y,-0.07565999999999999,-0.15135,0.0,10,10
canonical_arm_minus_actor_critic,0.9,3,arm,actor_critic_subspace1024,actor_critic_full,iid_accuracy,-0.00754999999999999,-0.015374999999999982,0.0,10,10
canonical_arm_minus_actor_critic,0.9,3,arm,actor_critic_subspace1024,actor_critic_full,rho_y,-0.07514,-0.15036924999999998,0.0,10,10
canonical_arm_minus_actor_critic,0.9,3,arm,actor_critic_subspace1024,actor_critic_full,iid_accuracy,-0.007674999999999999,-0.015349999999999997,0.0,10,10
canonical_arm_minus_actor_critic,0.9,3,arm,actor_critic_subspace1024,actor_critic_full,rho_y,-0.0736,-0.1472,0.0,10,10
canonical_arm_minus_actor_critic,0.9,3,arm,actor_critic_subspace1024,actor_critic_full,iid_accuracy,-0.007724999999999993,-0.01579999999999998,0.0,10,10
canonical_arm_minus_actor_critic,0.9,3,arm,actor_critic_subspace1024,actor_critic_full,rho_y,-0.12464,-0.19985,-0.04958,10,10
canonical_arm_minus_actor_critic,0.9,3,arm,actor_critic_subspace1024,actor_critic_full,iid_accuracy,-0.012324999999999985,-0.019999999999999973,-0.004674999999999996,10,10
canonical_arm_minus_actor_critic,0.9,3,arm,actor_critic_subspace1024,actor_critic_full,rho_y,-0.05077,-0.12547000000000003,0.0,10,10
canonical_arm_minus_actor_critic,0.9,3,arm,actor_critic_subspace1024,actor_critic_full,iid_accuracy,-0.005274999999999997,-0.01309999999999999,0.0,10,10
